-- MySQL dump 10.13  Distrib 8.0.30, for Win64 (x86_64)
--
-- Host: 127.0.0.1    Database: portafolio2
-- ------------------------------------------------------
-- Server version	8.0.36

/*!40101 SET @OLD_CHARACTER_SET_CLIENT=@@CHARACTER_SET_CLIENT */;
/*!40101 SET @OLD_CHARACTER_SET_RESULTS=@@CHARACTER_SET_RESULTS */;
/*!40101 SET @OLD_COLLATION_CONNECTION=@@COLLATION_CONNECTION */;
/*!50503 SET NAMES utf8mb4 */;
/*!40103 SET @OLD_TIME_ZONE=@@TIME_ZONE */;
/*!40103 SET TIME_ZONE='+00:00' */;
/*!40014 SET @OLD_UNIQUE_CHECKS=@@UNIQUE_CHECKS, UNIQUE_CHECKS=0 */;
/*!40014 SET @OLD_FOREIGN_KEY_CHECKS=@@FOREIGN_KEY_CHECKS, FOREIGN_KEY_CHECKS=0 */;
/*!40101 SET @OLD_SQL_MODE=@@SQL_MODE, SQL_MODE='NO_AUTO_VALUE_ON_ZERO' */;
/*!40111 SET @OLD_SQL_NOTES=@@SQL_NOTES, SQL_NOTES=0 */;

--
-- Table structure for table `carga_academica`
--

DROP TABLE IF EXISTS `carga_academica`;
/*!40101 SET @saved_cs_client     = @@character_set_client */;
/*!50503 SET character_set_client = utf8mb4 */;
CREATE TABLE `carga_academica` (
  `id` bigint unsigned NOT NULL AUTO_INCREMENT,
  `id_curso` varchar(8) COLLATE utf8mb4_unicode_ci NOT NULL,
  `id_usuario` varchar(5) COLLATE utf8mb4_unicode_ci NOT NULL,
  `nro_creditos` int NOT NULL,
  `es_teorico` tinyint(1) NOT NULL,
  `id_malla` bigint unsigned DEFAULT NULL,
  `id_semestre` bigint unsigned NOT NULL,
  `created_at` timestamp NULL DEFAULT NULL,
  `updated_at` timestamp NULL DEFAULT NULL,
  PRIMARY KEY (`id`),
  UNIQUE KEY `carga_academica_id_curso_id_semestre_unique` (`id_curso`,`id_semestre`),
  KEY `carga_academica_id_malla_foreign` (`id_malla`),
  KEY `carga_academica_id_semestre_foreign` (`id_semestre`),
  CONSTRAINT `carga_academica_id_malla_foreign` FOREIGN KEY (`id_malla`) REFERENCES `malla` (`id`) ON DELETE CASCADE,
  CONSTRAINT `carga_academica_id_semestre_foreign` FOREIGN KEY (`id_semestre`) REFERENCES `semestre` (`id`)
) ENGINE=InnoDB AUTO_INCREMENT=509 DEFAULT CHARSET=utf8mb4 COLLATE=utf8mb4_unicode_ci;
/*!40101 SET character_set_client = @saved_cs_client */;

--
-- Dumping data for table `carga_academica`
--

LOCK TABLES `carga_academica` WRITE;
/*!40000 ALTER TABLE `carga_academica` DISABLE KEYS */;
INSERT INTO `carga_academica` VALUES (1,'IF456AIN','1',4,1,1,1,NULL,NULL),(3,'IF167AFI','2',4,1,1,1,NULL,NULL),(5,'IF470AME','2',4,1,1,1,NULL,NULL),(7,'IFG01BEN','2',3,0,1,1,NULL,NULL),(8,'IF612AIN','3',4,0,1,1,NULL,NULL),(11,'IF651AIN','3',4,1,1,1,NULL,NULL),(13,'IFG01AIN','3',4,1,1,1,NULL,NULL),(14,'IF450AIN','4',4,1,1,1,NULL,NULL),(16,'IF468AIN','4',3,1,1,1,NULL,NULL),(18,'IF109ALI','4',3,1,1,1,NULL,NULL),(19,'IF662AIN','5',4,1,1,1,NULL,NULL),(21,'IF656AIN','5',4,0,1,1,NULL,NULL),(24,'IF652BIN','5',4,0,1,1,NULL,NULL),(25,'IF466AIN','6',3,1,1,1,NULL,NULL),(27,'IF710AIN','6',3,1,1,1,NULL,NULL),(29,'IF711AIN','6',3,1,1,1,NULL,NULL),(31,'IF550AIN','7',4,1,1,1,NULL,NULL),(33,'IF551AIN','7',4,0,1,1,NULL,NULL),(36,'IF553AIN','7',3,1,1,1,NULL,NULL),(37,'IF483AIN','8',3,1,1,1,NULL,NULL),(39,'IF481BIN','8',3,0,1,1,NULL,NULL),(41,'IF485AIN','8',3,1,1,1,NULL,NULL),(43,'IF480AIN','9',3,1,1,1,NULL,NULL),(45,'IF482AIN','9',3,1,1,1,NULL,NULL),(47,'IFG01AQF','9',3,1,1,1,NULL,NULL),(48,'IF552AIN','10',4,0,1,1,NULL,NULL),(51,'IF710BIN','10',3,1,1,1,NULL,NULL),(54,'IF610BIN','11',4,1,1,1,NULL,NULL),(56,'IF450BIN','11',4,1,1,1,NULL,NULL),(58,'IF401AMI','11',2,0,1,1,NULL,NULL),(59,'IF711BIN','12',3,1,1,1,NULL,NULL),(61,'IFG01AAN','12',3,0,1,1,NULL,NULL),(62,'IFG01ACC','13',3,1,1,1,NULL,NULL),(64,'IFG01ABI','13',3,1,1,1,NULL,NULL),(66,'IFG01DEU','13',3,1,1,1,NULL,NULL),(68,'IF455AIN','14',4,0,1,1,NULL,NULL),(71,'IF657AIN','14',4,0,1,1,NULL,NULL),(74,'IF107ALI','14',3,0,1,1,NULL,NULL),(75,'IF669AIN','15',4,0,1,1,NULL,NULL),(78,'IF652AIN','15',4,1,1,1,NULL,NULL),(80,'IF611AIN','16',3,0,1,1,NULL,NULL),(82,'IF452BIN','16',4,1,1,1,NULL,NULL),(84,'IF453AIN','16',2,0,1,1,NULL,NULL),(85,'IF452AIN','17',4,1,1,1,NULL,NULL),(87,'IF468BIN','17',3,0,1,1,NULL,NULL),(89,'IF468CIN','17',4,1,1,1,NULL,NULL),(91,'IF481AIN','18',3,1,1,1,NULL,NULL),(93,'IFG01AEN','18',3,1,1,1,NULL,NULL),(95,'IFG01BDR','18',3,0,1,1,NULL,NULL),(96,'IFG01AMT','18',3,0,1,1,NULL,NULL),(97,'IF550BIN','19',4,1,1,1,NULL,NULL),(99,'IF554AIN','19',4,1,1,1,NULL,NULL),(101,'IF457AIN','20',3,0,1,1,NULL,NULL),(105,'IF212AEI','20',3,1,1,1,NULL,NULL),(107,'IFG01AFI','21',3,1,1,1,NULL,NULL),(109,'IFG01ACO','21',3,1,1,1,NULL,NULL),(111,'IFG01AAE','21',3,1,1,1,NULL,NULL),(113,'IF654AIN','22',4,0,1,1,NULL,NULL),(116,'IF556AIN','22',4,0,1,1,NULL,NULL),(119,'IFG02ACI','22',3,1,1,1,NULL,NULL),(122,'IF451BIN','23',2,0,1,1,NULL,NULL),(123,'IFG01AAT','23',3,0,1,1,NULL,NULL),(124,'IFG01AME','23',3,1,1,1,NULL,NULL),(125,'IF612BIN','24',4,0,1,1,NULL,NULL),(128,'IF610AIN','24',4,1,1,1,NULL,NULL),(130,'IF619AIN','25',3,0,1,1,NULL,NULL),(132,'IF451AIN','26',2,0,1,1,NULL,NULL),(133,'IFG01BAE','26',3,0,1,1,NULL,NULL),(134,'IF614AIN','26',4,1,1,1,NULL,NULL),(136,'IF453BIN','27',2,0,1,1,NULL,NULL),(137,'IFG01AQM','27',3,1,1,1,NULL,NULL),(139,'IFG01AAQ','27',3,1,1,1,NULL,NULL),(141,'IFG01ATU','28',3,1,1,1,NULL,NULL),(142,'IFG01ADR','28',3,1,1,1,NULL,NULL),(143,'IF480BIN','28',3,1,1,1,NULL,NULL),(145,'IFG01AEU','29',3,1,1,1,NULL,NULL),(147,'IFG01APQ','29',3,1,1,1,NULL,NULL),(149,'IFG01APS','29',3,0,1,1,NULL,NULL),(150,'IF454AIN','30',3,1,1,1,NULL,NULL),(152,'IF653AIN','30',4,1,1,1,NULL,NULL),(154,'IF664AIN','30',4,1,1,1,NULL,NULL),(158,'IF617AIN','31',4,0,1,1,NULL,NULL),(162,'IFG01BTU','31',3,1,1,1,NULL,NULL),(163,'IF458AIN','31',4,1,1,1,NULL,NULL),(166,'IF650BIN','32',4,0,1,1,NULL,NULL),(169,'IF467AIN','32',3,0,1,1,NULL,NULL),(171,'IFG01AMC','32',3,1,1,1,NULL,NULL),(172,'IFG01AEI','32',3,0,1,1,NULL,NULL),(175,'IF459AIN','33',4,0,1,1,NULL,NULL),(178,'IF454BIN','33',3,1,1,1,NULL,NULL),(181,'IFG01CEU','33',3,0,1,1,NULL,NULL),(182,'IFG01AHI','33',3,0,1,1,NULL,NULL),(187,'IFG01BEO','34',3,0,1,1,NULL,NULL),(188,'IFG01AMI','34',3,1,1,1,NULL,NULL),(190,'IFG01BCI','34',3,1,1,1,NULL,NULL),(192,'IF613AIN','35',2,0,1,1,NULL,NULL),(193,'IFG01AGI','35',3,1,1,1,NULL,NULL),(198,'IFG02BCI','35',3,0,1,1,NULL,NULL),(200,'IFG01AZO','36',3,1,1,1,NULL,NULL),(202,'IFG01AAO','36',3,1,1,1,NULL,NULL),(204,'IF758ACI','36',3,0,1,1,NULL,NULL),(207,'IFG01BEU','37',3,1,1,1,NULL,NULL),(209,'IF060AIN','37',2,0,1,1,NULL,NULL),(210,'IF064AIN','38',2,0,1,1,NULL,NULL),(211,'IF611BIN','38',3,0,1,1,NULL,NULL),(213,'IFG01AEO','39',3,0,1,1,NULL,NULL),(215,'IFG01ACI','39',3,1,1,1,NULL,NULL),(217,'IF616AIN','40',2,0,1,1,NULL,NULL),(227,'IFG01BCC','42',3,0,1,1,NULL,NULL),(229,'IF457BIN','43',3,0,1,1,NULL,NULL),(238,'IF650AIN','45',4,0,1,1,NULL,NULL),(243,'IF455BIN','45',4,0,1,1,NULL,NULL),(246,'IFG01ALI','45',3,0,1,1,NULL,NULL),(247,'IF063AIN','46',2,0,1,1,NULL,NULL),(250,'IFG01EEU','46',3,1,1,1,NULL,NULL),(252,'IFG01BMI','46',3,0,1,1,NULL,NULL),(254,'IF061AIN','47',2,0,1,1,NULL,NULL),(255,'IF484AIN','47',3,1,1,1,NULL,NULL),(261,'IFG01AFL','48',3,1,1,1,NULL,NULL),(265,'IF664BIN','49',4,1,1,1,NULL,NULL),(269,'IFG01BAT','50',3,1,1,1,NULL,NULL),(270,'IFG01CCO','50',3,1,1,1,NULL,NULL),(273,'IFG01BGI','51',3,1,1,1,NULL,NULL),(274,'IFG01BHI','51',3,1,1,1,NULL,NULL),(276,'IFG01AQI','51',3,0,1,1,NULL,NULL),(284,'IFG01BCO','54',3,1,1,1,NULL,NULL),(292,'IFG01AOD','58',3,1,1,1,NULL,NULL),(305,'IF062AIN','61',3,0,1,1,NULL,NULL);
/*!40000 ALTER TABLE `carga_academica` ENABLE KEYS */;
UNLOCK TABLES;

--
-- Table structure for table `curso`
--

DROP TABLE IF EXISTS `curso`;
/*!40101 SET @saved_cs_client     = @@character_set_client */;
/*!50503 SET character_set_client = utf8mb4 */;
CREATE TABLE `curso` (
  `id_curso` varchar(8) COLLATE utf8mb4_unicode_ci NOT NULL,
  `nombre` varchar(250) COLLATE utf8mb4_unicode_ci NOT NULL,
  `created_at` timestamp NULL DEFAULT NULL,
  `updated_at` timestamp NULL DEFAULT NULL,
  PRIMARY KEY (`id_curso`)
) ENGINE=InnoDB DEFAULT CHARSET=utf8mb4 COLLATE=utf8mb4_unicode_ci;
/*!40101 SET character_set_client = @saved_cs_client */;

--
-- Dumping data for table `curso`
--

LOCK TABLES `curso` WRITE;
/*!40000 ALTER TABLE `curso` DISABLE KEYS */;
INSERT INTO `curso` VALUES ('IF060AIN','MUSICA',NULL,NULL),('IF061AIN','CORO',NULL,NULL),('IF062AIN','DANZA MODERNA',NULL,NULL),('IF063AIN','QUECHUA',NULL,NULL),('IF064AIN','TALLER DE DEBATE',NULL,NULL),('IF107ALI','PROGRAMACION DIGITAL I',NULL,NULL),('IF109ALI','PROGRAMACION DIGITAL II',NULL,NULL),('IF167AFI','PROGRAMACION CIENTIFICA',NULL,NULL),('IF212AEI','ANALISIS NUMERICO',NULL,NULL),('IF401AMI','PROGRAMACIÓN DIGITAL',NULL,NULL),('IF450AIN','ABSTRACCION DE DATOS Y OBJETOS',NULL,NULL),('IF450BIN','ABSTRACCION DE DATOS Y OBJETOS',NULL,NULL),('IF451AIN','PROGRAMACION I',NULL,NULL),('IF451BIN','PROGRAMACION I',NULL,NULL),('IF452AIN','ALGORITMOS Y ESTRUCTURAS DE DATOS',NULL,NULL),('IF452BIN','ALGORITMOS Y ESTRUCTURAS DE DATOS',NULL,NULL),('IF453AIN','PROGRAMACION II',NULL,NULL),('IF453BIN','PROGRAMACION II',NULL,NULL),('IF454AIN','TEORIA DE LA COMPUTACION',NULL,NULL),('IF454BIN','TEORIA DE LA COMPUTACION',NULL,NULL),('IF455AIN','ALGORITMOS PARALELOS Y DISTRIBUIDOS',NULL,NULL),('IF455BIN','ALGORITMOS PARALELOS Y DISTRIBUIDOS',NULL,NULL),('IF456AIN','ALGORITMOS AVANZADOS',NULL,NULL),('IF457AIN','METODOS NUMERICOS',NULL,NULL),('IF457BIN','METODOS NUMERICOS',NULL,NULL),('IF458AIN','COMPUTACION GRAFICA I',NULL,NULL),('IF459AIN','COMPUTACION GRAFICA II',NULL,NULL),('IF466AIN','COMPILADORES',NULL,NULL),('IF467AIN','ANALISIS Y DISEÑO DE ALGORITMOS',NULL,NULL),('IF468AIN','FUNDAMENTOS DE LA PROGRAMACION',NULL,NULL),('IF468BIN','FUNDAMENTOS DE LA PROGRAMACION',NULL,NULL),('IF468CIN','FUNDAMENTOS DE LA PROGRAMACION',NULL,NULL),('IF470AME','LENGUAJE DE PROGRAMACION',NULL,NULL),('IF480AIN','ADMINISTRACION DE TECNOLOGÍAS DE LA INFORMACIÓN',NULL,NULL),('IF480BIN','ADMINISTRACION DE TECNOLOGÍAS DE LA INFORMACIÓN',NULL,NULL),('IF481AIN','INGENIERIA ECONOMICA',NULL,NULL),('IF481BIN','INGENIERIA ECONOMICA',NULL,NULL),('IF482AIN','PLANEAMIENTO Y DIRECCION ESTRATEGICA DE TECNOLOGIA DE INFORMACION',NULL,NULL),('IF483AIN','FORMULACION DE PROYECTOS DE TECNOLOGIAS DE LA INFORMACION',NULL,NULL),('IF484AIN','EMPRENDIMIENTO E INNOVACION',NULL,NULL),('IF485AIN','CONTROL Y AUDITORIA DE SISTEMAS',NULL,NULL),('IF550AIN','ORGANIZACION Y ARQUITECTURA DEL COMPUTADOR',NULL,NULL),('IF550BIN','ORGANIZACION Y ARQUITECTURA DEL COMPUTADOR',NULL,NULL),('IF551AIN','SISTEMAS OPERATIVOS',NULL,NULL),('IF552AIN','REDES DE COMPUTADORAS I',NULL,NULL),('IF553AIN','LENGUAJE ENSAMBLADOR',NULL,NULL),('IF554AIN','REDES DE COMPUTADORAS II',NULL,NULL),('IF556AIN','SISTEMAS EMBEBIDOS',NULL,NULL),('IF610AIN','ANALISIS Y DISEÑO DE SISTEMAS DE INFORMACION',NULL,NULL),('IF610BIN','ANALISIS Y DISEÑO DE SISTEMAS DE INFORMACION',NULL,NULL),('IF611AIN','METODOLOGIA DE DESARROLLO DE SOFTWARE',NULL,NULL),('IF611BIN','METODOLOGIA DE DESARROLLO DE SOFTWARE',NULL,NULL),('IF612AIN','FUNDAMENTOS Y DISEÑO DE BASE DE DATOS',NULL,NULL),('IF612BIN','FUNDAMENTOS Y DISEÑO DE BASE DE DATOS',NULL,NULL),('IF613AIN','DESARROLLO DE SOFTWARE I',NULL,NULL),('IF614AIN','INGENIERIA DE SOFTWARE I',NULL,NULL),('IF616AIN','DESARROLLO DE SOFTWARE II',NULL,NULL),('IF617AIN','INGENIERIA DE SOFTWARE II',NULL,NULL),('IF619AIN','ANÁLISIS DE DATOS EMPRESARIALES',NULL,NULL),('IF650AIN','MODELOS PROBABILISTICOS',NULL,NULL),('IF650BIN','MODELOS PROBABILISTICOS',NULL,NULL),('IF651AIN','INTELIGENCIA ARTIFICIAL',NULL,NULL),('IF652AIN','APRENDIZAJE AUTOMATICO',NULL,NULL),('IF652BIN','APRENDIZAJE AUTOMATICO',NULL,NULL),('IF653AIN','MINERIA DE DATOS',NULL,NULL),('IF654AIN','ROBOTICA',NULL,NULL),('IF656AIN','PROCESAMIENTO DE LENGUAJE NATURAL',NULL,NULL),('IF657AIN','VISION COMPUTACIONAL',NULL,NULL),('IF662AIN','DEEP LEARNING',NULL,NULL),('IF664AIN','BIOINFORMATICA',NULL,NULL),('IF664BIN','BIOINFORMATICA',NULL,NULL),('IF669AIN','MODELADO Y SIMULACION',NULL,NULL),('IF710AIN','SEMINARIO DE INVESTIGACION I',NULL,NULL),('IF710BIN','SEMINARIO DE INVESTIGACION I',NULL,NULL),('IF711AIN','SEMINARIO DE INVESTIGACION II',NULL,NULL),('IF711BIN','SEMINARIO DE INVESTIGACION II',NULL,NULL),('IF758ACI','METODOS NUMERICOS',NULL,NULL),('IFG01AAE','PENSAMIENTO COMPUTACIONAL E INTELIGENCIA ARTIFICIAL',NULL,NULL),('IFG01AAN','PENSAMIENTO COMPUTACIONAL E INTELIGENCIA ARTIFICIAL',NULL,NULL),('IFG01AAO','PENSAMIENTO COMPUTACIONAL E INTELIGENCIA ARTIFICIAL',NULL,NULL),('IFG01AAQ','PENSAMIENTO COMPUTACIONAL E INTELIGENCIA ARTIFICIAL',NULL,NULL),('IFG01AAT','PENSAMIENTO COMPUTACIONAL E INTELIGENCIA ARTIFICIAL',NULL,NULL),('IFG01ABI','PENSAMIENTO COMPUTACIONAL E INTELIGENCIA ARTIFICIAL',NULL,NULL),('IFG01ACC','PENSAMIENTO COMPUTACIONAL E INTELIGENCIA ARTIFICIAL',NULL,NULL),('IFG01ACI','PENSAMIENTO COMPUTACIONAL E INTELIGENCIA ARTIFICIAL',NULL,NULL),('IFG01ACO','PENSAMIENTO COMPUTACIONAL E INTELIGENCIA ARTIFICIAL',NULL,NULL),('IFG01ADR','PENSAMIENTO COMPUTACIONAL E INTELIGENCIA ARTIFICIAL',NULL,NULL),('IFG01AEI','PENSAMIENTO COMPUTACIONAL E INTELIGENCIA ARTIFICIAL',NULL,NULL),('IFG01AEN','PENSAMIENTO COMPUTACIONAL E INTELIGENCIA ARTIFICIAL',NULL,NULL),('IFG01AEO','PENSAMIENTO COMPUTACIONAL E INTELIGENCIA ARTIFICIAL',NULL,NULL),('IFG01AEU','PENSAMIENTO COMPUTACIONAL E INTELIGENCIA ARTIFICIAL',NULL,NULL),('IFG01AFI','PENSAMIENTO COMPUTACIONAL E INTELIGENCIA ARTIFICIAL',NULL,NULL),('IFG01AFL','PENSAMIENTO COMPUTACIONAL E INTELIGENCIA ARTIFICIAL',NULL,NULL),('IFG01AGI','PENSAMIENTO COMPUTACIONAL E INTELIGENCIA ARTIFICIAL',NULL,NULL),('IFG01AHI','PENSAMIENTO COMPUTACIONAL E INTELIGENCIA ARTIFICIAL',NULL,NULL),('IFG01AIN','PENSAMIENTO COMPUTACIONAL E INTELIGENCIA ARTIFICIAL',NULL,NULL),('IFG01ALI','PENSAMIENTO COMPUTACIONAL E INTELIGENCIA ARTIFICIAL',NULL,NULL),('IFG01AMC','PENSAMIENTO COMPUTACIONAL E INTELIGENCIA ARTIFICIAL',NULL,NULL),('IFG01AMD','PENSAMIENTO COMPUTACIONAL E INTELIGENCIA ARTIFICIAL',NULL,NULL),('IFG01AME','PENSAMIENTO COMPUTACIONAL E INTELIGENCIA ARTIFICIAL',NULL,NULL),('IFG01AMI','PENSAMIENTO COMPUTACIONAL E INTELIGENCIA ARTIFICIAL',NULL,NULL),('IFG01AMT','PENSAMIENTO COMPUTACIONAL E INTELIGENCIA ARTIFICIAL',NULL,NULL),('IFG01AOD','PENSAMIENTO COMPUTACIONAL E INTELIGENCIA ARTIFICIAL',NULL,NULL),('IFG01APQ','PENSAMIENTO COMPUTACIONAL E INTELIGENCIA ARTIFICIAL',NULL,NULL),('IFG01APS','PENSAMIENTO COMPUTACIONAL E INTELIGENCIA ARTIFICIAL',NULL,NULL),('IFG01AQF','PENSAMIENTO COMPUTACIONAL E INTELIGENCIA ARTIFICIAL',NULL,NULL),('IFG01AQI','PENSAMIENTO COMPUTACIONAL E INTELIGENCIA ARTIFICIAL',NULL,NULL),('IFG01AQM','PENSAMIENTO COMPUTACIONAL E INTELIGENCIA ARTIFICIAL',NULL,NULL),('IFG01ATU','PENSAMIENTO COMPUTACIONAL E INTELIGENCIA ARTIFICIAL',NULL,NULL),('IFG01AZO','PENSAMIENTO COMPUTACIONAL E INTELIGENCIA ARTIFICIAL',NULL,NULL),('IFG01BAE','PENSAMIENTO COMPUTACIONAL E INTELIGENCIA ARTIFICIAL',NULL,NULL),('IFG01BAT','PENSAMIENTO COMPUTACIONAL E INTELIGENCIA ARTIFICIAL',NULL,NULL),('IFG01BCC','PENSAMIENTO COMPUTACIONAL E INTELIGENCIA ARTIFICIAL',NULL,NULL),('IFG01BCI','PENSAMIENTO COMPUTACIONAL E INTELIGENCIA ARTIFICIAL',NULL,NULL),('IFG01BCO','PENSAMIENTO COMPUTACIONAL E INTELIGENCIA ARTIFICIAL',NULL,NULL),('IFG01BDR','PENSAMIENTO COMPUTACIONAL E INTELIGENCIA ARTIFICIAL',NULL,NULL),('IFG01BEN','PENSAMIENTO COMPUTACIONAL E INTELIGENCIA ARTIFICIAL',NULL,NULL),('IFG01BEO','PENSAMIENTO COMPUTACIONAL E INTELIGENCIA ARTIFICIAL',NULL,NULL),('IFG01BEU','PENSAMIENTO COMPUTACIONAL E INTELIGENCIA ARTIFICIAL',NULL,NULL),('IFG01BGI','PENSAMIENTO COMPUTACIONAL E INTELIGENCIA ARTIFICIAL',NULL,NULL),('IFG01BHI','PENSAMIENTO COMPUTACIONAL E INTELIGENCIA ARTIFICIAL',NULL,NULL),('IFG01BMI','PENSAMIENTO COMPUTACIONAL E INTELIGENCIA ARTIFICIAL',NULL,NULL),('IFG01BTU','PENSAMIENTO COMPUTACIONAL E INTELIGENCIA ARTIFICIAL',NULL,NULL),('IFG01CCO','PENSAMIENTO COMPUTACIONAL E INTELIGENCIA ARTIFICIAL',NULL,NULL),('IFG01CEU','PENSAMIENTO COMPUTACIONAL E INTELIGENCIA ARTIFICIAL',NULL,NULL),('IFG01DEU','PENSAMIENTO COMPUTACIONAL E INTELIGENCIA ARTIFICIAL',NULL,NULL),('IFG01EEU','PENSAMIENTO COMPUTACIONAL E INTELIGENCIA ARTIFICIAL',NULL,NULL),('IFG02ACI','METODOS NUMERICOS',NULL,NULL),('IFG02BCI','METODOS NUMERICOS',NULL,NULL);
/*!40000 ALTER TABLE `curso` ENABLE KEYS */;
UNLOCK TABLES;

--
-- Table structure for table `failed_jobs`
--

DROP TABLE IF EXISTS `failed_jobs`;
/*!40101 SET @saved_cs_client     = @@character_set_client */;
/*!50503 SET character_set_client = utf8mb4 */;
CREATE TABLE `failed_jobs` (
  `id` bigint unsigned NOT NULL AUTO_INCREMENT,
  `uuid` varchar(255) COLLATE utf8mb4_unicode_ci NOT NULL,
  `connection` text COLLATE utf8mb4_unicode_ci NOT NULL,
  `queue` text COLLATE utf8mb4_unicode_ci NOT NULL,
  `payload` longtext COLLATE utf8mb4_unicode_ci NOT NULL,
  `exception` longtext COLLATE utf8mb4_unicode_ci NOT NULL,
  `failed_at` timestamp NOT NULL DEFAULT CURRENT_TIMESTAMP,
  PRIMARY KEY (`id`),
  UNIQUE KEY `failed_jobs_uuid_unique` (`uuid`)
) ENGINE=InnoDB DEFAULT CHARSET=utf8mb4 COLLATE=utf8mb4_unicode_ci;
/*!40101 SET character_set_client = @saved_cs_client */;

--
-- Dumping data for table `failed_jobs`
--

LOCK TABLES `failed_jobs` WRITE;
/*!40000 ALTER TABLE `failed_jobs` DISABLE KEYS */;
/*!40000 ALTER TABLE `failed_jobs` ENABLE KEYS */;
UNLOCK TABLES;

--
-- Table structure for table `items_practico`
--

DROP TABLE IF EXISTS `items_practico`;
/*!40101 SET @saved_cs_client     = @@character_set_client */;
/*!50503 SET character_set_client = utf8mb4 */;
CREATE TABLE `items_practico` (
  `id` bigint unsigned NOT NULL AUTO_INCREMENT,
  `id_portafolio` bigint unsigned NOT NULL,
  `avance_academico` tinyint(1) NOT NULL DEFAULT '0',
  `evidencia_actividades` tinyint(1) NOT NULL DEFAULT '0',
  `registro_asistencia_1P` tinyint(1) NOT NULL DEFAULT '0',
  `registro_asistencia_2P` tinyint(1) NOT NULL DEFAULT '0',
  `registro_asistencia_3P` tinyint(1) NOT NULL DEFAULT '0',
  `registro_notas_1P` tinyint(1) NOT NULL DEFAULT '0',
  `registro_notas_2P` tinyint(1) NOT NULL DEFAULT '0',
  `registro_notas_3P` tinyint(1) NOT NULL DEFAULT '0',
  PRIMARY KEY (`id`),
  KEY `items_practico_id_portafolio_foreign` (`id_portafolio`),
  CONSTRAINT `items_practico_id_portafolio_foreign` FOREIGN KEY (`id_portafolio`) REFERENCES `portafolio` (`id`) ON DELETE CASCADE
) ENGINE=InnoDB AUTO_INCREMENT=64 DEFAULT CHARSET=utf8mb4 COLLATE=utf8mb4_unicode_ci;
/*!40101 SET character_set_client = @saved_cs_client */;

--
-- Dumping data for table `items_practico`
--

LOCK TABLES `items_practico` WRITE;
/*!40000 ALTER TABLE `items_practico` DISABLE KEYS */;
INSERT INTO `items_practico` VALUES (1,769,0,0,0,0,0,0,0,0),(2,770,0,0,0,0,0,0,0,0),(3,777,0,0,0,0,0,0,0,0),(4,778,0,0,0,0,0,0,0,0),(5,783,0,0,0,0,0,0,0,0),(6,786,0,0,0,0,0,0,0,0),(7,791,0,0,0,0,0,0,0,0),(8,795,0,0,0,0,0,0,0,0),(9,797,0,0,0,0,0,0,0,0),(10,801,0,0,0,0,0,0,0,0),(11,802,0,0,0,0,0,0,0,0),(12,803,0,0,0,0,0,0,0,0),(13,804,0,0,0,0,0,0,0,0),(14,806,0,0,0,0,0,0,0,0),(15,808,0,0,0,0,0,0,0,0),(16,810,0,0,0,0,0,0,0,0),(17,814,0,0,0,0,0,0,0,0),(18,815,0,0,0,0,0,0,0,0),(19,818,0,0,0,0,0,0,0,0),(20,823,0,0,0,0,0,0,0,0),(21,824,0,0,0,0,0,0,0,0),(22,826,0,0,0,0,0,0,0,0),(23,827,0,0,0,0,0,0,0,0),(24,829,0,0,0,0,0,0,0,0),(25,831,0,0,0,0,0,0,0,0),(26,832,0,0,0,0,0,0,0,0),(27,833,0,0,0,0,0,0,0,0),(28,835,0,0,0,0,0,0,0,0),(29,843,0,0,0,0,0,0,0,0),(30,847,0,0,0,0,0,0,0,0),(31,850,0,0,0,0,0,0,0,0),(32,851,0,0,0,0,0,0,0,0),(33,853,0,0,0,0,0,0,0,0),(34,854,0,0,0,0,0,0,0,0),(35,856,0,0,0,0,0,0,0,0),(36,857,0,0,0,0,0,0,0,0),(37,858,0,0,0,0,0,0,0,0),(38,861,0,0,0,0,0,0,0,0),(39,863,0,0,0,0,0,0,0,0),(40,866,0,0,0,0,0,0,0,0),(41,868,0,0,0,0,0,0,0,0),(42,869,0,0,0,0,0,0,0,0),(43,870,0,0,0,0,0,0,0,0),(44,871,0,0,0,0,0,0,0,0),(45,873,0,0,0,0,0,0,0,0),(46,874,0,0,0,0,0,0,0,0),(47,875,0,0,0,0,0,0,0,0),(48,876,0,0,0,0,0,0,0,0),(49,877,0,0,0,0,0,0,0,0),(50,878,0,0,0,0,0,0,0,0),(51,879,0,0,0,0,0,0,0,0),(52,881,0,0,0,0,0,0,0,0),(53,882,0,0,0,0,0,0,0,0),(54,890,0,0,0,0,0,0,0,0),(55,893,0,0,0,0,0,0,0,0);
/*!40000 ALTER TABLE `items_practico` ENABLE KEYS */;
UNLOCK TABLES;

--
-- Table structure for table `items_teorico`
--

DROP TABLE IF EXISTS `items_teorico`;
/*!40101 SET @saved_cs_client     = @@character_set_client */;
/*!50503 SET character_set_client = utf8mb4 */;
CREATE TABLE `items_teorico` (
  `id` bigint unsigned NOT NULL AUTO_INCREMENT,
  `id_portafolio` bigint unsigned NOT NULL,
  `avance_academico` tinyint(1) NOT NULL DEFAULT '0',
  `registro_entrega_silabo` tinyint(1) NOT NULL DEFAULT '0',
  `informe_examen_entrada` tinyint(1) NOT NULL DEFAULT '0',
  `enunciado_y_solucion_exameN_1P` tinyint(1) NOT NULL DEFAULT '0',
  `enunciado_y_solucion_exameN_2P` tinyint(1) NOT NULL DEFAULT '0',
  `enunciado_y_solucion_exameN_3P` tinyint(1) NOT NULL DEFAULT '0',
  `evidencia_actividades` tinyint(1) NOT NULL DEFAULT '0',
  `registro_asistencia_1P` tinyint(1) NOT NULL DEFAULT '0',
  `registro_asistencia_2P` tinyint(1) NOT NULL DEFAULT '0',
  `registro_asistencia_3P` tinyint(1) NOT NULL DEFAULT '0',
  `registro_notas_1P` tinyint(1) NOT NULL DEFAULT '0',
  `registro_notas_2P` tinyint(1) NOT NULL DEFAULT '0',
  `registro_notas_3P` tinyint(1) NOT NULL DEFAULT '0',
  `cierre_portafolio` tinyint(1) NOT NULL DEFAULT '0',
  PRIMARY KEY (`id`),
  KEY `items_teorico_id_portafolio_foreign` (`id_portafolio`),
  CONSTRAINT `items_teorico_id_portafolio_foreign` FOREIGN KEY (`id_portafolio`) REFERENCES `portafolio` (`id`) ON DELETE CASCADE
) ENGINE=InnoDB AUTO_INCREMENT=128 DEFAULT CHARSET=utf8mb4 COLLATE=utf8mb4_unicode_ci;
/*!40101 SET character_set_client = @saved_cs_client */;

--
-- Dumping data for table `items_teorico`
--

LOCK TABLES `items_teorico` WRITE;
/*!40000 ALTER TABLE `items_teorico` DISABLE KEYS */;
INSERT INTO `items_teorico` VALUES (1,766,0,0,0,0,0,0,0,0,0,0,0,0,0,0),(2,767,0,0,0,0,0,0,0,0,0,0,0,0,0,0),(3,768,0,0,0,0,0,0,0,0,0,0,0,0,0,0),(4,771,0,0,0,0,0,0,0,0,0,0,0,0,0,0),(5,772,0,0,0,0,0,0,0,0,0,0,0,0,0,0),(6,773,0,0,0,0,0,0,0,0,0,0,0,0,0,0),(7,774,0,0,0,0,0,0,0,0,0,0,0,0,0,0),(8,775,0,0,0,0,0,0,0,0,0,0,0,0,0,0),(9,776,0,0,0,0,0,0,0,0,0,0,0,0,0,0),(10,779,0,0,0,0,0,0,0,0,0,0,0,0,0,0),(11,780,0,0,0,0,0,0,0,0,0,0,0,0,0,0),(12,781,0,0,0,0,0,0,0,0,0,0,0,0,0,0),(13,782,0,0,0,0,0,0,0,0,0,0,0,0,0,0),(14,784,0,0,0,0,0,0,0,0,0,0,0,0,0,0),(15,785,0,0,0,0,0,0,0,0,0,0,0,0,0,0),(16,787,0,0,0,0,0,0,0,0,0,0,0,0,0,0),(17,788,0,0,0,0,0,0,0,0,0,0,0,0,0,0),(18,789,0,0,0,0,0,0,0,0,0,0,0,0,0,0),(19,790,0,0,0,0,0,0,0,0,0,0,0,0,0,0),(20,792,0,0,0,0,0,0,0,0,0,0,0,0,0,0),(21,793,0,0,0,0,0,0,0,0,0,0,0,0,0,0),(22,794,0,0,0,0,0,0,0,0,0,0,0,0,0,0),(23,796,0,0,0,0,0,0,0,0,0,0,0,0,0,0),(24,798,0,0,0,0,0,0,0,0,0,0,0,0,0,0),(25,799,0,0,0,0,0,0,0,0,0,0,0,0,0,0),(26,800,0,0,0,0,0,0,0,0,0,0,0,0,0,0),(27,805,0,0,0,0,0,0,0,0,0,0,0,0,0,0),(28,807,0,0,0,0,0,0,0,0,0,0,0,0,0,0),(29,809,0,0,0,0,0,0,0,0,0,0,0,0,0,0),(30,811,0,0,0,0,0,0,0,0,0,0,0,0,0,0),(31,812,0,0,0,0,0,0,0,0,0,0,0,0,0,0),(32,813,0,0,0,0,0,0,0,0,0,0,0,0,0,0),(33,816,0,0,0,0,0,0,0,0,0,0,0,0,0,0),(34,817,0,0,0,0,0,0,0,0,0,0,0,0,0,0),(35,819,0,0,0,0,0,0,0,0,0,0,0,0,0,0),(36,820,0,0,0,0,0,0,0,0,0,0,0,0,0,0),(37,821,0,0,0,0,0,0,0,0,0,0,0,0,0,0),(38,822,0,0,0,0,0,0,0,0,0,0,0,0,0,0),(39,825,0,0,0,0,0,0,0,0,0,0,0,0,0,0),(40,828,0,0,0,0,0,0,0,0,0,0,0,0,0,0),(41,830,0,0,0,0,0,0,0,0,0,0,0,0,0,0),(42,834,0,0,0,0,0,0,0,0,0,0,0,0,0,0),(43,836,0,0,0,0,0,0,0,0,0,0,0,0,0,0),(44,837,0,0,0,0,0,0,0,0,0,0,0,0,0,0),(45,838,0,0,0,0,0,0,0,0,0,0,0,0,0,0),(46,839,0,0,0,0,0,0,0,0,0,0,0,0,0,0),(47,840,0,0,0,0,0,0,0,0,0,0,0,0,0,0),(48,841,0,0,0,0,0,0,0,0,0,0,0,0,0,0),(49,842,0,0,0,0,0,0,0,0,0,0,0,0,0,0),(50,844,0,0,0,0,0,0,0,0,0,0,0,0,0,0),(51,845,0,0,0,0,0,0,0,0,0,0,0,0,0,0),(52,846,0,0,0,0,0,0,0,0,0,0,0,0,0,0),(53,848,0,0,0,0,0,0,0,0,0,0,0,0,0,0),(54,849,0,0,0,0,0,0,0,0,0,0,0,0,0,0),(55,852,0,0,0,0,0,0,0,0,0,0,0,0,0,0),(56,855,0,0,0,0,0,0,0,0,0,0,0,0,0,0),(57,859,0,0,0,0,0,0,0,0,0,0,0,0,0,0),(58,860,0,0,0,0,0,0,0,0,0,0,0,0,0,0),(59,862,0,0,0,0,0,0,0,0,0,0,0,0,0,0),(60,864,0,0,0,0,0,0,0,0,0,0,0,0,0,0),(61,865,0,0,0,0,0,0,0,0,0,0,0,0,0,0),(62,867,0,0,0,0,0,0,0,0,0,0,0,0,0,0),(63,872,0,0,0,0,0,0,0,0,0,0,0,0,0,0),(64,880,0,0,0,0,0,0,0,0,0,0,0,0,0,0),(65,883,0,0,0,0,0,0,0,0,0,0,0,0,0,0),(66,884,0,0,0,0,0,0,0,0,0,0,0,0,0,0),(67,885,0,0,0,0,0,0,0,0,0,0,0,0,0,0),(68,886,0,0,0,0,0,0,0,0,0,0,0,0,0,0),(69,887,0,0,0,0,0,0,0,0,0,0,0,0,0,0),(70,888,0,0,0,0,0,0,0,0,0,0,0,0,0,0),(71,889,0,0,0,0,0,0,0,0,0,0,0,0,0,0),(72,891,0,0,0,0,0,0,0,0,0,0,0,0,0,0),(73,892,0,0,0,0,0,0,0,0,0,0,0,0,0,0);
/*!40000 ALTER TABLE `items_teorico` ENABLE KEYS */;
UNLOCK TABLES;

--
-- Table structure for table `malla`
--

DROP TABLE IF EXISTS `malla`;
/*!40101 SET @saved_cs_client     = @@character_set_client */;
/*!50503 SET character_set_client = utf8mb4 */;
CREATE TABLE `malla` (
  `id` bigint unsigned NOT NULL AUTO_INCREMENT,
  `fecha_implementacion` datetime NOT NULL,
  `activo` tinyint(1) NOT NULL DEFAULT '1',
  `created_at` timestamp NULL DEFAULT NULL,
  `updated_at` timestamp NULL DEFAULT NULL,
  PRIMARY KEY (`id`)
) ENGINE=InnoDB AUTO_INCREMENT=2 DEFAULT CHARSET=utf8mb4 COLLATE=utf8mb4_unicode_ci;
/*!40101 SET character_set_client = @saved_cs_client */;

--
-- Dumping data for table `malla`
--

LOCK TABLES `malla` WRITE;
/*!40000 ALTER TABLE `malla` DISABLE KEYS */;
INSERT INTO `malla` VALUES (1,'2024-03-10 00:00:00',1,NULL,NULL);
/*!40000 ALTER TABLE `malla` ENABLE KEYS */;
UNLOCK TABLES;

--
-- Table structure for table `migrations`
--

DROP TABLE IF EXISTS `migrations`;
/*!40101 SET @saved_cs_client     = @@character_set_client */;
/*!50503 SET character_set_client = utf8mb4 */;
CREATE TABLE `migrations` (
  `id` int unsigned NOT NULL AUTO_INCREMENT,
  `migration` varchar(255) COLLATE utf8mb4_unicode_ci NOT NULL,
  `batch` int NOT NULL,
  PRIMARY KEY (`id`)
) ENGINE=InnoDB AUTO_INCREMENT=16 DEFAULT CHARSET=utf8mb4 COLLATE=utf8mb4_unicode_ci;
/*!40101 SET character_set_client = @saved_cs_client */;

--
-- Dumping data for table `migrations`
--

LOCK TABLES `migrations` WRITE;
/*!40000 ALTER TABLE `migrations` DISABLE KEYS */;
INSERT INTO `migrations` VALUES (1,'2014_10_12_000000_create_users_table',1),(2,'2014_10_12_100000_create_password_reset_tokens_table',1),(3,'2019_08_19_000000_create_failed_jobs_table',1),(4,'2019_12_14_000001_create_personal_access_tokens_table',1),(5,'2024_11_24_095242_add_roles_and_active_to_users_table',1),(6,'2024_11_25_071030_create_semestre_table',1),(7,'2024_11_25_071042_create_curso_table',1),(8,'2024_11_25_071106_create_malla_table',1),(9,'2024_11_25_071129_create_carga_academica_table',1),(10,'2024_11_25_071141_create_portafolio_table',1),(11,'2024_11_25_071156_create_items_practico_table',1),(12,'2024_11_25_071208_create_items_teorico_table',1),(13,'2024_11_25_071219_create_revision_table',1),(14,'2024_12_01_052324_create_carga_academicas_table',1),(15,'2024_12_01_052442_create_portafolios_table',1);
/*!40000 ALTER TABLE `migrations` ENABLE KEYS */;
UNLOCK TABLES;

--
-- Table structure for table `password_reset_tokens`
--

DROP TABLE IF EXISTS `password_reset_tokens`;
/*!40101 SET @saved_cs_client     = @@character_set_client */;
/*!50503 SET character_set_client = utf8mb4 */;
CREATE TABLE `password_reset_tokens` (
  `email` varchar(255) COLLATE utf8mb4_unicode_ci NOT NULL,
  `token` varchar(255) COLLATE utf8mb4_unicode_ci NOT NULL,
  `created_at` timestamp NULL DEFAULT NULL,
  PRIMARY KEY (`email`)
) ENGINE=InnoDB DEFAULT CHARSET=utf8mb4 COLLATE=utf8mb4_unicode_ci;
/*!40101 SET character_set_client = @saved_cs_client */;

--
-- Dumping data for table `password_reset_tokens`
--

LOCK TABLES `password_reset_tokens` WRITE;
/*!40000 ALTER TABLE `password_reset_tokens` DISABLE KEYS */;
/*!40000 ALTER TABLE `password_reset_tokens` ENABLE KEYS */;
UNLOCK TABLES;

--
-- Table structure for table `personal_access_tokens`
--

DROP TABLE IF EXISTS `personal_access_tokens`;
/*!40101 SET @saved_cs_client     = @@character_set_client */;
/*!50503 SET character_set_client = utf8mb4 */;
CREATE TABLE `personal_access_tokens` (
  `id` bigint unsigned NOT NULL AUTO_INCREMENT,
  `tokenable_type` varchar(255) COLLATE utf8mb4_unicode_ci NOT NULL,
  `tokenable_id` bigint unsigned NOT NULL,
  `name` varchar(255) COLLATE utf8mb4_unicode_ci NOT NULL,
  `token` varchar(64) COLLATE utf8mb4_unicode_ci NOT NULL,
  `abilities` text COLLATE utf8mb4_unicode_ci,
  `last_used_at` timestamp NULL DEFAULT NULL,
  `expires_at` timestamp NULL DEFAULT NULL,
  `created_at` timestamp NULL DEFAULT NULL,
  `updated_at` timestamp NULL DEFAULT NULL,
  PRIMARY KEY (`id`),
  UNIQUE KEY `personal_access_tokens_token_unique` (`token`),
  KEY `personal_access_tokens_tokenable_type_tokenable_id_index` (`tokenable_type`,`tokenable_id`)
) ENGINE=InnoDB DEFAULT CHARSET=utf8mb4 COLLATE=utf8mb4_unicode_ci;
/*!40101 SET character_set_client = @saved_cs_client */;

--
-- Dumping data for table `personal_access_tokens`
--

LOCK TABLES `personal_access_tokens` WRITE;
/*!40000 ALTER TABLE `personal_access_tokens` DISABLE KEYS */;
/*!40000 ALTER TABLE `personal_access_tokens` ENABLE KEYS */;
UNLOCK TABLES;

--
-- Table structure for table `portafolio`
--

DROP TABLE IF EXISTS `portafolio`;
/*!40101 SET @saved_cs_client     = @@character_set_client */;
/*!50503 SET character_set_client = utf8mb4 */;
CREATE TABLE `portafolio` (
  `id` bigint unsigned NOT NULL AUTO_INCREMENT,
  `id_usuario` bigint unsigned NOT NULL,
  `id_carga` bigint unsigned NOT NULL,
  `fecha_subida` datetime DEFAULT NULL,
  `estado` enum('Pendiente','Revisado','Corregir') COLLATE utf8mb4_unicode_ci NOT NULL,
  `id_semestre` bigint unsigned NOT NULL,
  `caratula` tinyint(1) NOT NULL DEFAULT '0',
  `carga_lectiva` tinyint(1) NOT NULL DEFAULT '0',
  `filosofia` tinyint(1) NOT NULL DEFAULT '0',
  `cv` tinyint(1) NOT NULL DEFAULT '0',
  `silabo` tinyint(1) NOT NULL DEFAULT '0',
  `tipo_curso` tinyint(1) NOT NULL,
  `created_at` timestamp NULL DEFAULT NULL,
  `updated_at` timestamp NULL DEFAULT NULL,
  PRIMARY KEY (`id`),
  KEY `portafolio_id_usuario_foreign` (`id_usuario`),
  KEY `portafolio_id_carga_foreign` (`id_carga`),
  KEY `portafolio_id_semestre_foreign` (`id_semestre`),
  CONSTRAINT `portafolio_id_carga_foreign` FOREIGN KEY (`id_carga`) REFERENCES `carga_academica` (`id`) ON DELETE CASCADE,
  CONSTRAINT `portafolio_id_semestre_foreign` FOREIGN KEY (`id_semestre`) REFERENCES `semestre` (`id`) ON DELETE CASCADE,
  CONSTRAINT `portafolio_id_usuario_foreign` FOREIGN KEY (`id_usuario`) REFERENCES `users` (`id`) ON DELETE CASCADE
) ENGINE=InnoDB AUTO_INCREMENT=1021 DEFAULT CHARSET=utf8mb4 COLLATE=utf8mb4_unicode_ci;
/*!40101 SET character_set_client = @saved_cs_client */;

--
-- Dumping data for table `portafolio`
--

LOCK TABLES `portafolio` WRITE;
/*!40000 ALTER TABLE `portafolio` DISABLE KEYS */;
INSERT INTO `portafolio` VALUES (766,1,1,'2024-12-01 15:45:50','Pendiente',1,0,0,0,0,0,1,NULL,NULL),(767,2,3,'2024-12-01 15:45:50','Pendiente',1,0,0,0,0,0,1,NULL,NULL),(768,2,5,'2024-12-01 15:45:50','Pendiente',1,0,0,0,0,0,1,NULL,NULL),(769,2,7,'2024-12-01 15:45:50','Pendiente',1,0,0,0,0,0,0,NULL,NULL),(770,3,8,'2024-12-01 15:45:50','Pendiente',1,0,0,0,0,0,0,NULL,NULL),(771,3,11,'2024-12-01 15:45:50','Pendiente',1,0,0,0,0,0,1,NULL,NULL),(772,3,13,'2024-12-01 15:45:50','Pendiente',1,0,0,0,0,0,1,NULL,NULL),(773,4,14,'2024-12-01 15:45:50','Pendiente',1,0,0,0,0,0,1,NULL,NULL),(774,4,16,'2024-12-01 15:45:50','Pendiente',1,0,0,0,0,0,1,NULL,NULL),(775,4,18,'2024-12-01 15:45:50','Pendiente',1,0,0,0,0,0,1,NULL,NULL),(776,5,19,'2024-12-01 15:45:50','Pendiente',1,0,0,0,0,0,1,NULL,NULL),(777,5,21,'2024-12-01 15:45:50','Pendiente',1,0,0,0,0,0,0,NULL,NULL),(778,5,24,'2024-12-01 15:45:50','Pendiente',1,0,0,0,0,0,0,NULL,NULL),(779,6,25,'2024-12-01 15:45:50','Pendiente',1,0,0,0,0,0,1,NULL,NULL),(780,6,27,'2024-12-01 15:45:50','Pendiente',1,0,0,0,0,0,1,NULL,NULL),(781,6,29,'2024-12-01 15:45:50','Pendiente',1,0,0,0,0,0,1,NULL,NULL),(782,7,31,'2024-12-01 15:45:50','Pendiente',1,0,0,0,0,0,1,NULL,NULL),(783,7,33,'2024-12-01 15:45:50','Pendiente',1,0,0,0,0,0,0,NULL,NULL),(784,7,36,'2024-12-01 15:45:50','Pendiente',1,0,0,0,0,0,1,NULL,NULL),(785,8,37,'2024-12-01 15:45:50','Pendiente',1,0,0,0,0,0,1,NULL,NULL),(786,8,39,'2024-12-01 15:45:50','Pendiente',1,0,0,0,0,0,0,NULL,NULL),(787,8,41,'2024-12-01 15:45:50','Pendiente',1,0,0,0,0,0,1,NULL,NULL),(788,9,43,'2024-12-01 15:45:50','Pendiente',1,0,0,0,0,0,1,NULL,NULL),(789,9,45,'2024-12-01 15:45:50','Pendiente',1,0,0,0,0,0,1,NULL,NULL),(790,9,47,'2024-12-01 15:45:50','Pendiente',1,0,0,0,0,0,1,NULL,NULL),(791,10,48,'2024-12-01 15:45:50','Pendiente',1,0,0,0,0,0,0,NULL,NULL),(792,10,51,'2024-12-01 15:45:50','Pendiente',1,0,0,0,0,0,1,NULL,NULL),(793,11,54,'2024-12-01 15:45:50','Pendiente',1,0,0,0,0,0,1,NULL,NULL),(794,11,56,'2024-12-01 15:45:50','Pendiente',1,0,0,0,0,0,1,NULL,NULL),(795,11,58,'2024-12-01 15:45:50','Pendiente',1,0,0,0,0,0,0,NULL,NULL),(796,12,59,'2024-12-01 15:45:50','Pendiente',1,0,0,0,0,0,1,NULL,NULL),(797,12,61,'2024-12-01 15:45:50','Pendiente',1,0,0,0,0,0,0,NULL,NULL),(798,13,62,'2024-12-01 15:45:50','Pendiente',1,0,0,0,0,0,1,NULL,NULL),(799,13,64,'2024-12-01 15:45:50','Pendiente',1,0,0,0,0,0,1,NULL,NULL),(800,13,66,'2024-12-01 15:45:50','Pendiente',1,0,0,0,0,0,1,NULL,NULL),(801,14,68,'2024-12-01 15:45:50','Pendiente',1,0,0,0,0,0,0,NULL,NULL),(802,14,71,'2024-12-01 15:45:50','Pendiente',1,0,0,0,0,0,0,NULL,NULL),(803,14,74,'2024-12-01 15:45:50','Pendiente',1,0,0,0,0,0,0,NULL,NULL),(804,15,75,'2024-12-01 15:45:50','Pendiente',1,0,0,0,0,0,0,NULL,NULL),(805,15,78,'2024-12-01 15:45:50','Pendiente',1,0,0,0,0,0,1,NULL,NULL),(806,16,80,'2024-12-01 15:45:50','Pendiente',1,0,0,0,0,0,0,NULL,NULL),(807,16,82,'2024-12-01 15:45:50','Pendiente',1,0,0,0,0,0,1,NULL,NULL),(808,16,84,'2024-12-01 15:45:50','Pendiente',1,0,0,0,0,0,0,NULL,NULL),(809,17,85,'2024-12-01 15:45:50','Pendiente',1,0,0,0,0,0,1,NULL,NULL),(810,17,87,'2024-12-01 15:45:50','Pendiente',1,0,0,0,0,0,0,NULL,NULL),(811,17,89,'2024-12-01 15:45:50','Pendiente',1,0,0,0,0,0,1,NULL,NULL),(812,18,91,'2024-12-01 15:45:50','Pendiente',1,0,0,0,0,0,1,NULL,NULL),(813,18,93,'2024-12-01 15:45:50','Pendiente',1,0,0,0,0,0,1,NULL,NULL),(814,18,95,'2024-12-01 15:45:50','Pendiente',1,0,0,0,0,0,0,NULL,NULL),(815,18,96,'2024-12-01 15:45:50','Pendiente',1,0,0,0,0,0,0,NULL,NULL),(816,19,97,'2024-12-01 15:45:50','Pendiente',1,0,0,0,0,0,1,NULL,NULL),(817,19,99,'2024-12-01 15:45:50','Pendiente',1,0,0,0,0,0,1,NULL,NULL),(818,20,101,'2024-12-01 15:45:50','Pendiente',1,0,0,0,0,0,0,NULL,NULL),(819,20,105,'2024-12-01 15:45:50','Pendiente',1,0,0,0,0,0,1,NULL,NULL),(820,21,107,'2024-12-01 15:45:50','Pendiente',1,0,0,0,0,0,1,NULL,NULL),(821,21,109,'2024-12-01 15:45:50','Pendiente',1,0,0,0,0,0,1,NULL,NULL),(822,21,111,'2024-12-01 15:45:50','Pendiente',1,0,0,0,0,0,1,NULL,NULL),(823,22,113,'2024-12-01 15:45:50','Pendiente',1,0,0,0,0,0,0,NULL,NULL),(824,22,116,'2024-12-01 15:45:50','Pendiente',1,0,0,0,0,0,0,NULL,NULL),(825,22,119,'2024-12-01 15:45:50','Pendiente',1,0,0,0,0,0,1,NULL,NULL),(826,23,122,'2024-12-01 15:45:50','Pendiente',1,0,0,0,0,0,0,NULL,NULL),(827,23,123,'2024-12-01 15:45:50','Pendiente',1,0,0,0,0,0,0,NULL,NULL),(828,23,124,'2024-12-01 15:45:50','Pendiente',1,0,0,0,0,0,1,NULL,NULL),(829,24,125,'2024-12-01 15:45:50','Pendiente',1,0,0,0,0,0,0,NULL,NULL),(830,24,128,'2024-12-01 15:45:50','Pendiente',1,0,0,0,0,0,1,NULL,NULL),(831,25,130,'2024-12-01 15:45:50','Pendiente',1,0,0,0,0,0,0,NULL,NULL),(832,26,132,'2024-12-01 15:45:50','Pendiente',1,0,0,0,0,0,0,NULL,NULL),(833,26,133,'2024-12-01 15:45:50','Pendiente',1,0,0,0,0,0,0,NULL,NULL),(834,26,134,'2024-12-01 15:45:50','Pendiente',1,0,0,0,0,0,1,NULL,NULL),(835,27,136,'2024-12-01 15:45:50','Pendiente',1,0,0,0,0,0,0,NULL,NULL),(836,27,137,'2024-12-01 15:45:50','Pendiente',1,0,0,0,0,0,1,NULL,NULL),(837,27,139,'2024-12-01 15:45:50','Pendiente',1,0,0,0,0,0,1,NULL,NULL),(838,28,141,'2024-12-01 15:45:50','Pendiente',1,0,0,0,0,0,1,NULL,NULL),(839,28,142,'2024-12-01 15:45:50','Pendiente',1,0,0,0,0,0,1,NULL,NULL),(840,28,143,'2024-12-01 15:45:50','Pendiente',1,0,0,0,0,0,1,NULL,NULL),(841,29,145,'2024-12-01 15:45:50','Pendiente',1,0,0,0,0,0,1,NULL,NULL),(842,29,147,'2024-12-01 15:45:50','Pendiente',1,0,0,0,0,0,1,NULL,NULL),(843,29,149,'2024-12-01 15:45:50','Pendiente',1,0,0,0,0,0,0,NULL,NULL),(844,30,150,'2024-12-01 15:45:50','Pendiente',1,0,0,0,0,0,1,NULL,NULL),(845,30,152,'2024-12-01 15:45:50','Pendiente',1,0,0,0,0,0,1,NULL,NULL),(846,30,154,'2024-12-01 15:45:50','Pendiente',1,0,0,0,0,0,1,NULL,NULL),(847,31,158,'2024-12-01 15:45:50','Pendiente',1,0,0,0,0,0,0,NULL,NULL),(848,31,162,'2024-12-01 15:45:50','Pendiente',1,0,0,0,0,0,1,NULL,NULL),(849,31,163,'2024-12-01 15:45:50','Pendiente',1,0,0,0,0,0,1,NULL,NULL),(850,32,166,'2024-12-01 15:45:50','Pendiente',1,0,0,0,0,0,0,NULL,NULL),(851,32,169,'2024-12-01 15:45:50','Pendiente',1,0,0,0,0,0,0,NULL,NULL),(852,32,171,'2024-12-01 15:45:50','Pendiente',1,0,0,0,0,0,1,NULL,NULL),(853,32,172,'2024-12-01 15:45:50','Pendiente',1,0,0,0,0,0,0,NULL,NULL),(854,33,175,'2024-12-01 15:45:50','Pendiente',1,0,0,0,0,0,0,NULL,NULL),(855,33,178,'2024-12-01 15:45:50','Pendiente',1,0,0,0,0,0,1,NULL,NULL),(856,33,181,'2024-12-01 15:45:50','Pendiente',1,0,0,0,0,0,0,NULL,NULL),(857,33,182,'2024-12-01 15:45:50','Pendiente',1,0,0,0,0,0,0,NULL,NULL),(858,34,187,'2024-12-01 15:45:50','Pendiente',1,0,0,0,0,0,0,NULL,NULL),(859,34,188,'2024-12-01 15:45:50','Pendiente',1,0,0,0,0,0,1,NULL,NULL),(860,34,190,'2024-12-01 15:45:50','Pendiente',1,0,0,0,0,0,1,NULL,NULL),(861,35,192,'2024-12-01 15:45:50','Pendiente',1,0,0,0,0,0,0,NULL,NULL),(862,35,193,'2024-12-01 15:45:50','Pendiente',1,0,0,0,0,0,1,NULL,NULL),(863,35,198,'2024-12-01 15:45:50','Pendiente',1,0,0,0,0,0,0,NULL,NULL),(864,36,200,'2024-12-01 15:45:50','Pendiente',1,0,0,0,0,0,1,NULL,NULL),(865,36,202,'2024-12-01 15:45:50','Pendiente',1,0,0,0,0,0,1,NULL,NULL),(866,36,204,'2024-12-01 15:45:50','Pendiente',1,0,0,0,0,0,0,NULL,NULL),(867,37,207,'2024-12-01 15:45:50','Pendiente',1,0,0,0,0,0,1,NULL,NULL),(868,37,209,'2024-12-01 15:45:50','Pendiente',1,0,0,0,0,0,0,NULL,NULL),(869,38,210,'2024-12-01 15:45:50','Pendiente',1,0,0,0,0,0,0,NULL,NULL),(870,38,211,'2024-12-01 15:45:50','Pendiente',1,0,0,0,0,0,0,NULL,NULL),(871,39,213,'2024-12-01 15:45:50','Pendiente',1,0,0,0,0,0,0,NULL,NULL),(872,39,215,'2024-12-01 15:45:50','Pendiente',1,0,0,0,0,0,1,NULL,NULL),(873,40,217,'2024-12-01 15:45:50','Pendiente',1,0,0,0,0,0,0,NULL,NULL),(874,42,227,'2024-12-01 15:45:50','Pendiente',1,0,0,0,0,0,0,NULL,NULL),(875,43,229,'2024-12-01 15:45:50','Pendiente',1,0,0,0,0,0,0,NULL,NULL),(876,45,238,'2024-12-01 15:45:50','Pendiente',1,0,0,0,0,0,0,NULL,NULL),(877,45,243,'2024-12-01 15:45:50','Pendiente',1,0,0,0,0,0,0,NULL,NULL),(878,45,246,'2024-12-01 15:45:50','Pendiente',1,0,0,0,0,0,0,NULL,NULL),(879,46,247,'2024-12-01 15:45:50','Pendiente',1,0,0,0,0,0,0,NULL,NULL),(880,46,250,'2024-12-01 15:45:50','Pendiente',1,0,0,0,0,0,1,NULL,NULL),(881,46,252,'2024-12-01 15:45:50','Pendiente',1,0,0,0,0,0,0,NULL,NULL),(882,47,254,'2024-12-01 15:45:50','Pendiente',1,0,0,0,0,0,0,NULL,NULL),(883,47,255,'2024-12-01 15:45:50','Pendiente',1,0,0,0,0,0,1,NULL,NULL),(884,48,261,'2024-12-01 15:45:50','Pendiente',1,0,0,0,0,0,1,NULL,NULL),(885,49,265,'2024-12-01 15:45:50','Pendiente',1,0,0,0,0,0,1,NULL,NULL),(886,50,269,'2024-12-01 15:45:50','Pendiente',1,0,0,0,0,0,1,NULL,NULL),(887,50,270,'2024-12-01 15:45:50','Pendiente',1,0,0,0,0,0,1,NULL,NULL),(888,51,273,'2024-12-01 15:45:50','Pendiente',1,0,0,0,0,0,1,NULL,NULL),(889,51,274,'2024-12-01 15:45:50','Pendiente',1,0,0,0,0,0,1,NULL,NULL),(890,51,276,'2024-12-01 15:45:50','Pendiente',1,0,0,0,0,0,0,NULL,NULL),(891,54,284,'2024-12-01 15:45:50','Pendiente',1,0,0,0,0,0,1,NULL,NULL),(892,58,292,'2024-12-01 15:45:50','Pendiente',1,0,0,0,0,0,1,NULL,NULL),(893,61,305,'2024-12-01 15:45:50','Pendiente',1,0,0,0,0,0,0,NULL,NULL);
/*!40000 ALTER TABLE `portafolio` ENABLE KEYS */;
UNLOCK TABLES;

--
-- Table structure for table `revision`
--

DROP TABLE IF EXISTS `revision`;
/*!40101 SET @saved_cs_client     = @@character_set_client */;
/*!50503 SET character_set_client = utf8mb4 */;
CREATE TABLE `revision` (
  `id` bigint unsigned NOT NULL AUTO_INCREMENT,
  `id_portafolio` bigint unsigned NOT NULL,
  `criterio` varchar(255) COLLATE utf8mb4_unicode_ci NOT NULL,
  `resultado` enum('Aprobado','Corregir') COLLATE utf8mb4_unicode_ci NOT NULL,
  `comentarios` text COLLATE utf8mb4_unicode_ci,
  `fecha_revision` date NOT NULL,
  `id_semestre` bigint unsigned NOT NULL,
  `id_usuario_revisor` bigint unsigned NOT NULL,
  `created_at` timestamp NULL DEFAULT CURRENT_TIMESTAMP,
  `updated_at` timestamp NULL DEFAULT CURRENT_TIMESTAMP ON UPDATE CURRENT_TIMESTAMP,
  PRIMARY KEY (`id`),
  KEY `revision_id_portafolio_foreign` (`id_portafolio`),
  KEY `revision_id_semestre_foreign` (`id_semestre`),
  KEY `revision_id_usuario_revisor_foreign` (`id_usuario_revisor`),
  CONSTRAINT `revision_id_portafolio_foreign` FOREIGN KEY (`id_portafolio`) REFERENCES `portafolio` (`id`) ON DELETE CASCADE,
  CONSTRAINT `revision_id_semestre_foreign` FOREIGN KEY (`id_semestre`) REFERENCES `semestre` (`id`) ON DELETE CASCADE,
  CONSTRAINT `revision_id_usuario_revisor_foreign` FOREIGN KEY (`id_usuario_revisor`) REFERENCES `users` (`id`) ON DELETE CASCADE
) ENGINE=InnoDB AUTO_INCREMENT=256 DEFAULT CHARSET=utf8mb4 COLLATE=utf8mb4_unicode_ci;
/*!40101 SET character_set_client = @saved_cs_client */;

--
-- Dumping data for table `revision`
--

LOCK TABLES `revision` WRITE;
/*!40000 ALTER TABLE `revision` DISABLE KEYS */;
INSERT INTO `revision` VALUES (1,766,'Pendiente','Corregir',NULL,'2024-12-01',1,12,'2024-12-01 23:45:55','2024-12-02 04:46:09'),(2,767,'Pendiente','Corregir',NULL,'2024-12-01',1,28,'2024-12-01 23:45:55','2024-12-02 04:48:03'),(3,768,'Pendiente','Corregir',NULL,'2024-12-01',1,65,'2024-12-01 23:45:55','2024-12-02 04:48:55'),(4,769,'Pendiente','Corregir',NULL,'2024-12-01',1,2,'2024-12-01 23:45:55','2024-12-01 23:45:55'),(5,770,'Pendiente','Corregir',NULL,'2024-12-01',1,3,'2024-12-01 23:45:55','2024-12-01 23:45:55'),(6,771,'Pendiente','Corregir',NULL,'2024-12-01',1,3,'2024-12-01 23:45:55','2024-12-01 23:45:55'),(7,772,'Pendiente','Corregir',NULL,'2024-12-01',1,3,'2024-12-01 23:45:55','2024-12-01 23:45:55'),(8,773,'Pendiente','Corregir',NULL,'2024-12-01',1,4,'2024-12-01 23:45:55','2024-12-01 23:45:55'),(9,774,'Pendiente','Corregir',NULL,'2024-12-01',1,4,'2024-12-01 23:45:55','2024-12-01 23:45:55'),(10,775,'Pendiente','Corregir',NULL,'2024-12-01',1,4,'2024-12-01 23:45:55','2024-12-01 23:45:55'),(11,776,'Pendiente','Corregir',NULL,'2024-12-01',1,5,'2024-12-01 23:45:55','2024-12-01 23:45:55'),(12,777,'Pendiente','Corregir',NULL,'2024-12-01',1,5,'2024-12-01 23:45:55','2024-12-01 23:45:55'),(13,778,'Pendiente','Corregir',NULL,'2024-12-01',1,5,'2024-12-01 23:45:55','2024-12-01 23:45:55'),(14,779,'Pendiente','Corregir',NULL,'2024-12-01',1,6,'2024-12-01 23:45:55','2024-12-01 23:45:55'),(15,780,'Pendiente','Corregir',NULL,'2024-12-01',1,6,'2024-12-01 23:45:55','2024-12-01 23:45:55'),(16,781,'Pendiente','Corregir',NULL,'2024-12-01',1,6,'2024-12-01 23:45:55','2024-12-01 23:45:55'),(17,782,'Pendiente','Corregir',NULL,'2024-12-01',1,7,'2024-12-01 23:45:55','2024-12-01 23:45:55'),(18,783,'Pendiente','Corregir',NULL,'2024-12-01',1,7,'2024-12-01 23:45:55','2024-12-01 23:45:55'),(19,784,'Pendiente','Corregir',NULL,'2024-12-01',1,7,'2024-12-01 23:45:55','2024-12-01 23:45:55'),(20,785,'Pendiente','Corregir',NULL,'2024-12-01',1,8,'2024-12-01 23:45:55','2024-12-01 23:45:55'),(21,786,'Pendiente','Corregir',NULL,'2024-12-01',1,8,'2024-12-01 23:45:55','2024-12-01 23:45:55'),(22,787,'Pendiente','Corregir',NULL,'2024-12-01',1,8,'2024-12-01 23:45:55','2024-12-01 23:45:55'),(23,788,'Pendiente','Corregir',NULL,'2024-12-01',1,9,'2024-12-01 23:45:55','2024-12-01 23:45:55'),(24,789,'Pendiente','Corregir',NULL,'2024-12-01',1,9,'2024-12-01 23:45:55','2024-12-01 23:45:55'),(25,790,'Pendiente','Corregir',NULL,'2024-12-01',1,9,'2024-12-01 23:45:55','2024-12-01 23:45:55'),(26,791,'Pendiente','Corregir',NULL,'2024-12-01',1,10,'2024-12-01 23:45:55','2024-12-01 23:45:55'),(27,792,'Pendiente','Corregir',NULL,'2024-12-01',1,10,'2024-12-01 23:45:55','2024-12-01 23:45:55'),(28,793,'Pendiente','Corregir',NULL,'2024-12-01',1,11,'2024-12-01 23:45:55','2024-12-01 23:45:55'),(29,794,'Pendiente','Corregir',NULL,'2024-12-01',1,11,'2024-12-01 23:45:55','2024-12-01 23:45:55'),(30,795,'Pendiente','Corregir',NULL,'2024-12-01',1,11,'2024-12-01 23:45:55','2024-12-01 23:45:55'),(31,796,'Pendiente','Corregir',NULL,'2024-12-01',1,12,'2024-12-01 23:45:55','2024-12-01 23:45:55'),(32,797,'Pendiente','Corregir',NULL,'2024-12-01',1,12,'2024-12-01 23:45:55','2024-12-01 23:45:55'),(33,798,'Pendiente','Corregir',NULL,'2024-12-01',1,13,'2024-12-01 23:45:55','2024-12-01 23:45:55'),(34,799,'Pendiente','Corregir',NULL,'2024-12-01',1,13,'2024-12-01 23:45:55','2024-12-01 23:45:55'),(35,800,'Pendiente','Corregir',NULL,'2024-12-01',1,13,'2024-12-01 23:45:55','2024-12-01 23:45:55'),(36,801,'Pendiente','Corregir',NULL,'2024-12-01',1,14,'2024-12-01 23:45:55','2024-12-01 23:45:55'),(37,802,'Pendiente','Corregir',NULL,'2024-12-01',1,14,'2024-12-01 23:45:55','2024-12-01 23:45:55'),(38,803,'Pendiente','Corregir',NULL,'2024-12-01',1,14,'2024-12-01 23:45:55','2024-12-01 23:45:55'),(39,804,'Pendiente','Corregir',NULL,'2024-12-01',1,15,'2024-12-01 23:45:55','2024-12-01 23:45:55'),(40,805,'Pendiente','Corregir',NULL,'2024-12-01',1,15,'2024-12-01 23:45:55','2024-12-01 23:45:55'),(41,806,'Pendiente','Corregir',NULL,'2024-12-01',1,16,'2024-12-01 23:45:55','2024-12-01 23:45:55'),(42,807,'Pendiente','Corregir',NULL,'2024-12-01',1,16,'2024-12-01 23:45:55','2024-12-01 23:45:55'),(43,808,'Pendiente','Corregir',NULL,'2024-12-01',1,16,'2024-12-01 23:45:55','2024-12-01 23:45:55'),(44,809,'Pendiente','Corregir',NULL,'2024-12-01',1,17,'2024-12-01 23:45:55','2024-12-01 23:45:55'),(45,810,'Pendiente','Corregir',NULL,'2024-12-01',1,17,'2024-12-01 23:45:55','2024-12-01 23:45:55'),(46,811,'Pendiente','Corregir',NULL,'2024-12-01',1,17,'2024-12-01 23:45:55','2024-12-01 23:45:55'),(47,812,'Pendiente','Corregir',NULL,'2024-12-01',1,18,'2024-12-01 23:45:55','2024-12-01 23:45:55'),(48,813,'Pendiente','Corregir',NULL,'2024-12-01',1,18,'2024-12-01 23:45:55','2024-12-01 23:45:55'),(49,814,'Pendiente','Corregir',NULL,'2024-12-01',1,18,'2024-12-01 23:45:55','2024-12-01 23:45:55'),(50,815,'Pendiente','Corregir',NULL,'2024-12-01',1,18,'2024-12-01 23:45:55','2024-12-01 23:45:55'),(51,816,'Pendiente','Corregir',NULL,'2024-12-01',1,19,'2024-12-01 23:45:55','2024-12-01 23:45:55'),(52,817,'Pendiente','Corregir',NULL,'2024-12-01',1,19,'2024-12-01 23:45:55','2024-12-01 23:45:55'),(53,818,'Pendiente','Corregir',NULL,'2024-12-01',1,20,'2024-12-01 23:45:55','2024-12-01 23:45:55'),(54,819,'Pendiente','Corregir',NULL,'2024-12-01',1,20,'2024-12-01 23:45:55','2024-12-01 23:45:55'),(55,820,'Pendiente','Corregir',NULL,'2024-12-01',1,21,'2024-12-01 23:45:55','2024-12-01 23:45:55'),(56,821,'Pendiente','Corregir',NULL,'2024-12-01',1,21,'2024-12-01 23:45:55','2024-12-01 23:45:55'),(57,822,'Pendiente','Corregir',NULL,'2024-12-01',1,21,'2024-12-01 23:45:55','2024-12-01 23:45:55'),(58,823,'Pendiente','Corregir',NULL,'2024-12-01',1,22,'2024-12-01 23:45:55','2024-12-01 23:45:55'),(59,824,'Pendiente','Corregir',NULL,'2024-12-01',1,22,'2024-12-01 23:45:55','2024-12-01 23:45:55'),(60,825,'Pendiente','Corregir',NULL,'2024-12-01',1,22,'2024-12-01 23:45:55','2024-12-01 23:45:55'),(61,826,'Pendiente','Corregir',NULL,'2024-12-01',1,23,'2024-12-01 23:45:55','2024-12-01 23:45:55'),(62,827,'Pendiente','Corregir',NULL,'2024-12-01',1,23,'2024-12-01 23:45:55','2024-12-01 23:45:55'),(63,828,'Pendiente','Corregir',NULL,'2024-12-01',1,23,'2024-12-01 23:45:55','2024-12-01 23:45:55'),(64,829,'Pendiente','Corregir',NULL,'2024-12-01',1,24,'2024-12-01 23:45:55','2024-12-01 23:45:55'),(65,830,'Pendiente','Corregir',NULL,'2024-12-01',1,24,'2024-12-01 23:45:55','2024-12-01 23:45:55'),(66,831,'Pendiente','Corregir',NULL,'2024-12-01',1,25,'2024-12-01 23:45:55','2024-12-01 23:45:55'),(67,832,'Pendiente','Corregir',NULL,'2024-12-01',1,26,'2024-12-01 23:45:55','2024-12-01 23:45:55'),(68,833,'Pendiente','Corregir',NULL,'2024-12-01',1,26,'2024-12-01 23:45:55','2024-12-01 23:45:55'),(69,834,'Pendiente','Corregir',NULL,'2024-12-01',1,26,'2024-12-01 23:45:55','2024-12-01 23:45:55'),(70,835,'Pendiente','Corregir',NULL,'2024-12-01',1,27,'2024-12-01 23:45:55','2024-12-01 23:45:55'),(71,836,'Pendiente','Corregir',NULL,'2024-12-01',1,27,'2024-12-01 23:45:55','2024-12-01 23:45:55'),(72,837,'Pendiente','Corregir',NULL,'2024-12-01',1,27,'2024-12-01 23:45:55','2024-12-01 23:45:55'),(73,838,'Pendiente','Corregir',NULL,'2024-12-01',1,28,'2024-12-01 23:45:55','2024-12-01 23:45:55'),(74,839,'Pendiente','Corregir',NULL,'2024-12-01',1,28,'2024-12-01 23:45:55','2024-12-01 23:45:55'),(75,840,'Pendiente','Corregir',NULL,'2024-12-01',1,28,'2024-12-01 23:45:55','2024-12-01 23:45:55'),(76,841,'Pendiente','Corregir',NULL,'2024-12-01',1,29,'2024-12-01 23:45:55','2024-12-01 23:45:55'),(77,842,'Pendiente','Corregir',NULL,'2024-12-01',1,29,'2024-12-01 23:45:55','2024-12-01 23:45:55'),(78,843,'Pendiente','Corregir',NULL,'2024-12-01',1,29,'2024-12-01 23:45:55','2024-12-01 23:45:55'),(79,844,'Pendiente','Corregir',NULL,'2024-12-01',1,30,'2024-12-01 23:45:55','2024-12-01 23:45:55'),(80,845,'Pendiente','Corregir',NULL,'2024-12-01',1,30,'2024-12-01 23:45:55','2024-12-01 23:45:55'),(81,846,'Pendiente','Corregir',NULL,'2024-12-01',1,30,'2024-12-01 23:45:55','2024-12-01 23:45:55'),(82,847,'Pendiente','Corregir',NULL,'2024-12-01',1,31,'2024-12-01 23:45:55','2024-12-01 23:45:55'),(83,848,'Pendiente','Corregir',NULL,'2024-12-01',1,31,'2024-12-01 23:45:55','2024-12-01 23:45:55'),(84,849,'Pendiente','Corregir',NULL,'2024-12-01',1,31,'2024-12-01 23:45:55','2024-12-01 23:45:55'),(85,850,'Pendiente','Corregir',NULL,'2024-12-01',1,32,'2024-12-01 23:45:55','2024-12-01 23:45:55'),(86,851,'Pendiente','Corregir',NULL,'2024-12-01',1,32,'2024-12-01 23:45:55','2024-12-01 23:45:55'),(87,852,'Pendiente','Corregir',NULL,'2024-12-01',1,32,'2024-12-01 23:45:55','2024-12-01 23:45:55'),(88,853,'Pendiente','Corregir',NULL,'2024-12-01',1,32,'2024-12-01 23:45:55','2024-12-01 23:45:55'),(89,854,'Pendiente','Corregir',NULL,'2024-12-01',1,33,'2024-12-01 23:45:55','2024-12-01 23:45:55'),(90,855,'Pendiente','Corregir',NULL,'2024-12-01',1,33,'2024-12-01 23:45:55','2024-12-01 23:45:55'),(91,856,'Pendiente','Corregir',NULL,'2024-12-01',1,33,'2024-12-01 23:45:55','2024-12-01 23:45:55'),(92,857,'Pendiente','Corregir',NULL,'2024-12-01',1,33,'2024-12-01 23:45:55','2024-12-01 23:45:55'),(93,858,'Pendiente','Corregir',NULL,'2024-12-01',1,34,'2024-12-01 23:45:55','2024-12-01 23:45:55'),(94,859,'Pendiente','Corregir',NULL,'2024-12-01',1,34,'2024-12-01 23:45:55','2024-12-01 23:45:55'),(95,860,'Pendiente','Corregir',NULL,'2024-12-01',1,34,'2024-12-01 23:45:55','2024-12-01 23:45:55'),(96,861,'Pendiente','Corregir',NULL,'2024-12-01',1,35,'2024-12-01 23:45:55','2024-12-01 23:45:55'),(97,862,'Pendiente','Corregir',NULL,'2024-12-01',1,35,'2024-12-01 23:45:55','2024-12-01 23:45:55'),(98,863,'Pendiente','Corregir',NULL,'2024-12-01',1,35,'2024-12-01 23:45:55','2024-12-01 23:45:55'),(99,864,'Pendiente','Corregir',NULL,'2024-12-01',1,36,'2024-12-01 23:45:55','2024-12-01 23:45:55'),(100,865,'Pendiente','Corregir',NULL,'2024-12-01',1,36,'2024-12-01 23:45:55','2024-12-01 23:45:55'),(101,866,'Pendiente','Corregir',NULL,'2024-12-01',1,36,'2024-12-01 23:45:55','2024-12-01 23:45:55'),(102,867,'Pendiente','Corregir',NULL,'2024-12-01',1,37,'2024-12-01 23:45:55','2024-12-01 23:45:55'),(103,868,'Pendiente','Corregir',NULL,'2024-12-01',1,37,'2024-12-01 23:45:55','2024-12-01 23:45:55'),(104,869,'Pendiente','Corregir',NULL,'2024-12-01',1,38,'2024-12-01 23:45:55','2024-12-01 23:45:55'),(105,870,'Pendiente','Corregir',NULL,'2024-12-01',1,38,'2024-12-01 23:45:55','2024-12-01 23:45:55'),(106,871,'Pendiente','Corregir',NULL,'2024-12-01',1,39,'2024-12-01 23:45:55','2024-12-01 23:45:55'),(107,872,'Pendiente','Corregir',NULL,'2024-12-01',1,39,'2024-12-01 23:45:55','2024-12-01 23:45:55'),(108,873,'Pendiente','Corregir',NULL,'2024-12-01',1,40,'2024-12-01 23:45:55','2024-12-01 23:45:55'),(109,874,'Pendiente','Corregir',NULL,'2024-12-01',1,42,'2024-12-01 23:45:55','2024-12-01 23:45:55'),(110,875,'Pendiente','Corregir',NULL,'2024-12-01',1,43,'2024-12-01 23:45:55','2024-12-01 23:45:55'),(111,876,'Pendiente','Corregir',NULL,'2024-12-01',1,45,'2024-12-01 23:45:55','2024-12-01 23:45:55'),(112,877,'Pendiente','Corregir',NULL,'2024-12-01',1,45,'2024-12-01 23:45:55','2024-12-01 23:45:55'),(113,878,'Pendiente','Corregir',NULL,'2024-12-01',1,45,'2024-12-01 23:45:55','2024-12-01 23:45:55'),(114,879,'Pendiente','Corregir',NULL,'2024-12-01',1,46,'2024-12-01 23:45:55','2024-12-01 23:45:55'),(115,880,'Pendiente','Corregir',NULL,'2024-12-01',1,46,'2024-12-01 23:45:55','2024-12-01 23:45:55'),(116,881,'Pendiente','Corregir',NULL,'2024-12-01',1,46,'2024-12-01 23:45:55','2024-12-01 23:45:55'),(117,882,'Pendiente','Corregir',NULL,'2024-12-01',1,47,'2024-12-01 23:45:55','2024-12-01 23:45:55'),(118,883,'Pendiente','Corregir',NULL,'2024-12-01',1,47,'2024-12-01 23:45:55','2024-12-01 23:45:55'),(119,884,'Pendiente','Corregir',NULL,'2024-12-01',1,48,'2024-12-01 23:45:55','2024-12-01 23:45:55'),(120,885,'Pendiente','Corregir',NULL,'2024-12-01',1,49,'2024-12-01 23:45:55','2024-12-01 23:45:55'),(121,886,'Pendiente','Corregir',NULL,'2024-12-01',1,50,'2024-12-01 23:45:55','2024-12-01 23:45:55'),(122,887,'Pendiente','Corregir',NULL,'2024-12-01',1,50,'2024-12-01 23:45:55','2024-12-01 23:45:55'),(123,888,'Pendiente','Corregir',NULL,'2024-12-01',1,51,'2024-12-01 23:45:55','2024-12-01 23:45:55'),(124,889,'Pendiente','Corregir',NULL,'2024-12-01',1,51,'2024-12-01 23:45:55','2024-12-01 23:45:55'),(125,890,'Pendiente','Corregir',NULL,'2024-12-01',1,51,'2024-12-01 23:45:55','2024-12-01 23:45:55'),(126,891,'Pendiente','Corregir',NULL,'2024-12-01',1,54,'2024-12-01 23:45:55','2024-12-01 23:45:55'),(127,892,'Pendiente','Corregir',NULL,'2024-12-01',1,58,'2024-12-01 23:45:55','2024-12-01 23:45:55'),(128,893,'Pendiente','Corregir',NULL,'2024-12-01',1,61,'2024-12-01 23:45:55','2024-12-01 23:45:55');
/*!40000 ALTER TABLE `revision` ENABLE KEYS */;
UNLOCK TABLES;

--
-- Table structure for table `semestre`
--

DROP TABLE IF EXISTS `semestre`;
/*!40101 SET @saved_cs_client     = @@character_set_client */;
/*!50503 SET character_set_client = utf8mb4 */;
CREATE TABLE `semestre` (
  `id` bigint unsigned NOT NULL AUTO_INCREMENT,
  `semestre` varchar(10) COLLATE utf8mb4_unicode_ci NOT NULL,
  `estado` tinyint(1) NOT NULL DEFAULT '1',
  `created_at` timestamp NULL DEFAULT NULL,
  `updated_at` timestamp NULL DEFAULT NULL,
  PRIMARY KEY (`id`)
) ENGINE=InnoDB AUTO_INCREMENT=2 DEFAULT CHARSET=utf8mb4 COLLATE=utf8mb4_unicode_ci;
/*!40101 SET character_set_client = @saved_cs_client */;

--
-- Dumping data for table `semestre`
--

LOCK TABLES `semestre` WRITE;
/*!40000 ALTER TABLE `semestre` DISABLE KEYS */;
INSERT INTO `semestre` VALUES (1,'2024-II',1,NULL,NULL);
/*!40000 ALTER TABLE `semestre` ENABLE KEYS */;
UNLOCK TABLES;

--
-- Table structure for table `users`
--

DROP TABLE IF EXISTS `users`;
/*!40101 SET @saved_cs_client     = @@character_set_client */;
/*!50503 SET character_set_client = utf8mb4 */;
CREATE TABLE `users` (
  `id` bigint unsigned NOT NULL AUTO_INCREMENT,
  `name` varchar(255) COLLATE utf8mb4_unicode_ci NOT NULL,
  `email` varchar(255) COLLATE utf8mb4_unicode_ci NOT NULL,
  `email_verified_at` timestamp NULL DEFAULT NULL,
  `password` varchar(255) COLLATE utf8mb4_unicode_ci NOT NULL,
  `es_administrador` tinyint NOT NULL,
  `es_revisor` tinyint(1) NOT NULL DEFAULT '0',
  `activo` tinyint(1) NOT NULL DEFAULT '1',
  `remember_token` varchar(100) COLLATE utf8mb4_unicode_ci DEFAULT NULL,
  `created_at` timestamp NULL DEFAULT NULL,
  `updated_at` timestamp NULL DEFAULT NULL,
  PRIMARY KEY (`id`),
  UNIQUE KEY `users_email_unique` (`email`)
) ENGINE=InnoDB AUTO_INCREMENT=66 DEFAULT CHARSET=utf8mb4 COLLATE=utf8mb4_unicode_ci;
/*!40101 SET character_set_client = @saved_cs_client */;

--
-- Dumping data for table `users`
--

LOCK TABLES `users` WRITE;
/*!40000 ALTER TABLE `users` DISABLE KEYS */;
INSERT INTO `users` VALUES (1,'LAURO ENCISO RODAS','lauro.enciso@unsaac.edu.pe',NULL,'lauro.enciso.rodas',0,0,1,NULL,NULL,NULL),(2,'JULIO CÉSAR CARBAJAL LUNA','julio.cesar.carbajal@unsaac.edu.pe',NULL,'julio.cesar.carbajal.luna',0,0,1,NULL,NULL,NULL),(3,'JAVIER ARTURO ROZAS HUACHO','javier.rozashuacho@unsaac.edu.pe',NULL,'javier.arturo.rozas.huacho',0,0,1,NULL,NULL,NULL),(4,'NILA ZONIA ACURIO USCA','nila.acurio@unsaac.edu.pe',NULL,'nila.zonia.acurio.usca',0,0,1,NULL,NULL,NULL),(5,'ROBERT WILBERT ALZAMORA PAREDES','robert.alzamora@unsaac.edu.pe',NULL,'robert.wilbert.alzamora.paredes',0,0,1,NULL,NULL,NULL),(6,'LINO PRISCILIANO FLORES PACHECO','lino.flores@unsaac.edu.pe',NULL,'lino.prisciliano.flores.pacheco',0,0,1,NULL,NULL,NULL),(7,'EDWIN CARRASCO POBLETE','edwin.carrasco@unsaac.edu.pe',NULL,'edwin.carrasco.poblete',0,0,1,NULL,NULL,NULL),(8,'EMILIO PALOMINO OLIVERA','emilio.palomino@unsaac.edu.pe',NULL,'emilio.palomino.olivera',0,0,1,NULL,NULL,NULL),(9,'DENNIS IVÁN CANDIA OVIEDO','dennis.candia@unsaac.edu.pe',NULL,'dennis.ivan.candia.oviedo',0,0,1,NULL,NULL,NULL),(10,'RONY VILLAFUERTE SERNA','rony.villafuerte@unsaac.edu.pe',NULL,'rony.villafuerte.serna',0,0,1,NULL,NULL,NULL),(11,'GUZMÁN TICONA PARI','guzman.ticona@unsaac.edu.pe',NULL,'guzman.ticona.pari',0,0,1,NULL,NULL,NULL),(12,'YESHICA ISELA ORMEÑO AYALA','yeshica.ormeno@unsaac.edu.pe',NULL,'yeshica.isela.ormeno.ayala',0,1,1,NULL,NULL,'2024-12-02 01:51:47'),(13,'JAVIER DAVID CHAVEZ CENTENO','javier.chavez@unsaac.edu.pe',NULL,'javier.david.chavez.centeno',0,0,1,NULL,NULL,NULL),(14,'IVÁN CÉSAR MEDRANO VALENCIA','ivan.medrano@unsaac.edu.pe',NULL,'ivan.cesar.medrano.valencia',0,0,1,NULL,NULL,NULL),(15,'LUIS BELTRÁN PALMA TTITO','luis.palma@unsaac.edu.pe',NULL,'luis.beltran.palma.ttito',0,0,1,NULL,NULL,NULL),(16,'WALDO ELIO IBARRA ZAMBRANO','waldo.ibarra@unsaac.edu.pe',NULL,'waldo.elio.ibarra.zambrano',0,0,1,NULL,NULL,NULL),(17,'KARELIA MEDINA MIRANDA','karelia.medina@unsaac.edu.pe',NULL,'karelia.medina.miranda',0,0,1,NULL,NULL,NULL),(18,'VANESSA MARIBEL CHOQUE SOTO','vanessa.choque@unsaac.edu.pe',NULL,'vanessa.maribel.choque.soto',0,0,1,NULL,NULL,NULL),(19,'MANUEL AURELIO PEÑALOZA FIGUEROA','manuel.penaloza@unsaac.edu.pe',NULL,'manuel.aurelio.penaloza.figueroa',0,0,1,NULL,NULL,NULL),(20,'LINO AQUILES BACA CARDENAS','lino.baca@unsaac.edu.pe',NULL,'lino.aquiles.baca.cardenas',0,0,1,NULL,NULL,NULL),(21,'ESTHER CRISTINA PACHECO VASQUEZ','esther.pacheco@unsaac.edu.pe',NULL,'esther.cristina.pacheco.vasquez',0,0,1,NULL,NULL,NULL),(22,'JOSÉ MAURO PILLCO QUISPE','jose.pillco@unsaac.edu.pe',NULL,'jose.mauro.pillco.quispe',0,1,1,NULL,NULL,'2024-12-02 01:51:59'),(23,'EFRAINA GLADYS CUTIPA ARAPA','efraina.cutipa@unsaac.edu.pe',NULL,'efraina.gladys.cutipa.arapa',0,0,1,NULL,NULL,NULL),(24,'MARITZA KATHERINE IRPANOCCA CUSIMAYTA','maritza.irpanocca@unsaac.edu.pe',NULL,'maritza.katherine.irpanocca.cusimayta',0,0,1,NULL,NULL,NULL),(25,'HARLEY VERA OLIVERA','harley.vera@unsaac.edu.pe',NULL,'harley.vera.olivera',0,0,1,NULL,NULL,NULL),(26,'WILLIAN ZAMALLOA PARO','willian.zamalloa@unsaac.edu.pe',NULL,'willian.zamalloa.paro',0,0,1,NULL,NULL,NULL),(27,'DORIS SABINA AGUIRRE CARBAJAL','doris.aguirre@unsaac.edu.pe',NULL,'doris.sabina.aguirre.carbajal',0,0,1,NULL,NULL,NULL),(28,'DARIO FRANCISCO DUEÑAS BUSTINZA','dario.duenas@unsaac.edu.pe',NULL,'dario.francisco.duenas.bustinza',0,1,1,NULL,NULL,'2024-12-02 01:52:10'),(29,'TANY VILLALBA VILLALBA','tany.villalba@unsaac.edu.pe',NULL,'tany.villalba.villalba',0,0,1,NULL,NULL,NULL),(30,'CARLOS FERNANDO MONTOYA CUBAS','carlos.montoya@unsaac.edu.pe',NULL,'carlos.fernando.montoya.cubas',0,0,1,NULL,NULL,NULL),(31,'CARLOS RAMÓN QUISPE ONOFRE','carlos.quispe@unsaac.edu.pe',NULL,'carlos.ramon.quispe.onofre',0,0,1,NULL,NULL,NULL),(32,'BORIS CHULLO LLAVE','boris.chullo@unsaac.edu.pe',NULL,'boris.chullo.llave',0,0,1,NULL,NULL,NULL),(33,'HÉCTOR EDUARDO UGARTE ROJAS','hector.ugarte@unsaac.edu.pe',NULL,'hector.eduardo.ugarte.rojas',0,0,1,NULL,NULL,NULL),(34,'LUIS ALVARO MONZÓN CONDORI','luis.monzon@unsaac.edu.pe',NULL,'luis.alvaro.monzon.condori',0,0,1,NULL,NULL,NULL),(35,'EDGAR QUISPE CCAPACCA','edgar.quispe@unsaac.edu.pe',NULL,'edgar.quispe.ccapacca',0,0,1,NULL,NULL,NULL),(36,'ÉLIDA FALCÓN HUALLPA','elida.falcon@unsaac.edu.pe',NULL,'elida.falcon.huallpa',0,0,1,NULL,NULL,NULL),(37,'VÍCTOR DARIO SOSA JAUREGUI','victor.sosa@unsaac.edu.pe',NULL,'victor.dario.sosa.jauregui',0,0,1,NULL,NULL,NULL),(38,'JISBAJ GAMARRA SALAS','jisbah.gamarra@unsaac.edu.pe',NULL,'jisbah.gamarra.salas',0,0,1,NULL,NULL,NULL),(39,'HENRY SAMUEL DUEÑAS DE LA CRUZ','henry.duenas@unsaac.edu.pe',NULL,'henry.samuel.duenas.de.la.cruz',0,0,1,NULL,NULL,NULL),(40,'RAUL HUILLCA HUALLPARIMACHI','raul.huillca@unsaac.edu.pe',NULL,'raul.huillca.huallparimachi',0,0,1,NULL,NULL,NULL),(41,'GERAR FRANCIS QUISPE TORRES','gerar.quispe@unsaac.edu.pe',NULL,'gerar.francis.quispe.torres',0,0,1,NULL,NULL,NULL),(42,'MARCIO FERNANDO MERMA QUISPE','marcio.merma@unsaac.edu.pe',NULL,'marcio.fernando.merma.quispe',0,1,1,NULL,NULL,'2024-12-02 01:52:19'),(43,'VANESA LAVILLA ALVAREZ','vanesa.lavilla@unsaac.edu.pe',NULL,'vanesa.lavilla.alvarez',0,0,1,NULL,NULL,NULL),(44,'JOSÉ GUILLERMO ANDRADE CARI','jose.andrade@unsaac.edu.pe',NULL,'jose.guillermo.andrade.cari',0,0,1,NULL,NULL,NULL),(45,'HANS HARLEY CCACYAHUILLCA BEJAR','hans.ccacyahuillca@unsaac.edu.pe',NULL,'hans.harley.ccacyahuillca.bejar',0,0,1,NULL,NULL,NULL),(46,'LISHA SABAH DÍAZ CACERES','lisha.diaz@unsaac.edu.pe',NULL,'lisha.sabah.diaz.caceres',0,0,1,NULL,NULL,NULL),(47,'STEPHAN JHOEL COSIO LOAIZA','stephan.cosio@unsaac.edu.pe',NULL,'stephan.jhoel.cosio.loaiza',0,0,1,NULL,NULL,NULL),(48,'RAY DUEÑAS JIMENEZ','ray.duenas@unsaac.edu.pe',NULL,'ray.duenas.jimenez',0,0,1,NULL,NULL,NULL),(49,'GABRIELA ZÚÑIGA ROJAS','gabriela.zuniga@unsaac.edu.pe',NULL,'gabriela.zuniga.rojas',0,0,1,NULL,NULL,NULL),(50,'JOSE LUIS SONCCO ALVAREZ','jose.soncco@unsaac.edu.pe',NULL,'jose.luis.soncco.alvarez',0,0,1,NULL,NULL,NULL),(51,'LUZ INDIRA TICONA FÉLIX','luz.ticona@unsaac.edu.pe',NULL,'luz.indira.ticona.felix',0,0,1,NULL,NULL,NULL),(52,'CLAUDIA FRANCESCA SUAREZ MARISCAL','claudia.suarez@unsaac.edu.pe',NULL,'claudia.francesca.suarez.mariscal',0,0,1,NULL,NULL,NULL),(53,'AGUEDO HUAMANI HUAYHUA','aguedo.huamani@unsaac.edu.pe',NULL,'aguedo.huamani.huayhua',0,0,1,NULL,NULL,NULL),(54,'OLMER VILLENA','olmer.villena@unsaac.edu.pe',NULL,'olmer.villena',0,0,1,NULL,NULL,NULL),(55,'JONEL CCENTE ZUZUNAGA','jonel.ccente@unsaac.edu.pe',NULL,'jonel.ccente.zuzunaga',0,0,1,NULL,NULL,NULL),(56,'VICTOR GABRIEL JALISTO','victor.jalisto@unsaac.edu.pe',NULL,'victor.gabriel.jalisto',0,0,1,NULL,NULL,NULL),(57,'ALEX FERNADO HUILLCA HUAMAN','alex.huillca@unsaac.edu.pe',NULL,'alex.fernado.huillca.huaman',0,0,1,NULL,NULL,NULL),(58,'NOHELY LISSETH OCHOA HUAYHUA','nohely.ochoa@unsaac.edu.pe',NULL,'nohely.lisseth.ochoa.huayhua',0,0,1,NULL,NULL,NULL),(59,'ANTHONY','anthony@unsaac.edu.pe',NULL,'anthony',0,0,1,NULL,NULL,NULL),(60,'ELMER CAMA CACERES','elmer.cama@unsaac.edu.pe',NULL,'elmer.cama.caceres',0,0,1,NULL,NULL,NULL),(61,'ALFREDO COLLANTES MENDOZA','alfredo.collantes@unsaac.edu.pe',NULL,'alfredo.collantes.mendoza',0,1,1,NULL,NULL,'2024-12-02 01:52:29'),(62,'VITTALI QUISPE SURCO','vittali.quispe@unsaac.edu.pe',NULL,'vittali.quispe.surco',0,0,1,NULL,NULL,NULL),(63,'ADEMIR PORTILLO LIVISI','ademir.portillo@unsaac.edu.pe',NULL,'ademir.portillo.livisi',0,0,1,NULL,NULL,NULL),(64,'ARTURO CUBA TORRES','arturo.cuba@unsaac.edu.pe',NULL,'arturo.cuba.torres',0,0,1,NULL,NULL,NULL),(65,'abel enrique bellido armuto','204318@unsaac.edu.pe',NULL,'$2y$12$bb.2G22yc1u3kovVXFFxce4oIRbKoHprOfLqp2OYYokg7NIOl966a',1,0,1,NULL,'2024-12-01 22:28:43','2024-12-01 22:28:43');
/*!40000 ALTER TABLE `users` ENABLE KEYS */;
UNLOCK TABLES;
/*!40103 SET TIME_ZONE=@OLD_TIME_ZONE */;

/*!40101 SET SQL_MODE=@OLD_SQL_MODE */;
/*!40014 SET FOREIGN_KEY_CHECKS=@OLD_FOREIGN_KEY_CHECKS */;
/*!40014 SET UNIQUE_CHECKS=@OLD_UNIQUE_CHECKS */;
/*!40101 SET CHARACTER_SET_CLIENT=@OLD_CHARACTER_SET_CLIENT */;
/*!40101 SET CHARACTER_SET_RESULTS=@OLD_CHARACTER_SET_RESULTS */;
/*!40101 SET COLLATION_CONNECTION=@OLD_COLLATION_CONNECTION */;
/*!40111 SET SQL_NOTES=@OLD_SQL_NOTES */;

-- Dump completed on 2024-12-01 20:13:36
